https://www.chinanews.com.cn/cj/2025/01-05/10347901.shtml,（乡村行·看振兴）浙江临安：“忠孝文化”何以点亮乡村共富梦？
https://www.chinanews.com.cn/sh/2025/01-05/10347890.shtml,儿童医院专家提示：孩子得了流感 不要带病上学
https://www.chinanews.com.cn/jk/2025/01-05/10347900.shtml,中新健康丨小寒时节如何养护肠胃？专家推荐这款茶饮
https://www.chinanews.com.cn/cj/2025/01-05/10347889.shtml,广西贺州首次开行进港动车
https://www.chinanews.com.cn/cj/2025/01-05/10347891.shtml,雁门关号列车首发 开启国家历史文化名城山西代县发展新窗口
https://www.chinanews.com.cn/cj/2025/01-05/10347892.shtml,天津港集装箱作业效率再创世界纪录
https://www.chinanews.com.cn/cul/2025/01-05/10347888.shtml,香港话剧团版《天下第一楼》“回家”收获北京观众高赞
https://www.chinanews.com.cn/cj/2025/01-05/10347893.shtml,辽宁主打差异化优势 拉升冬季旅游市场人气新热度
https://www.chinanews.com.cn/cj/2025/01-05/10347896.shtml,2024年河南保税物流园区跨境电商进出口额突破241亿元
https://www.chinanews.com.cn/ty/2025/01-05/10347887.shtml,2025厦门马拉松赛开跑 男女冠军均刷新赛会纪录
https://www.chinanews.com.cn/cj/2025/01-05/10347897.shtml,内蒙古融入全国高铁网开行多趟高铁、动车
https://www.chinanews.com.cn/cj/2025/01-05/10347886.shtml,《乙巳年》特种邮票在北京首发
https://www.chinanews.com.cn/sh/2025/01-05/10347899.shtml,探秘明长城暗门：曾是明代“特种兵”传递情报“秘密通道”
https://www.chinanews.com.cn/sh/2025/01-05/10347885.shtml,大兴安岭造梦童话小镇：寂静雪国中的“冰与火之歌”
https://www.chinanews.com.cn/tp/2025/01-05/10347894.shtml,青海：滑雪爱好者畅享冬日冰雪运动激情
https://www.chinanews.com.cn/sh/shipin/cns/2025/01-05/news1009758.shtml,探秘明长城暗门：看明代“特种兵”如何交换情报
https://www.chinanews.com.cn/cj/shipin/cns-d/2025/01-05/news1009757.shtml,香港邮政发售蛇年邮票 有外国集邮者排队一小时求购
https://www.chinanews.com.cn/cj/2025/01-05/10347883.shtml,2024年浙江柯桥中欧（亚）班列发运超1000标箱 纺织品占大头
https://www.chinanews.com.cn/sh/2025/01-05/10347879.shtml,第二届“艾青诗歌奖”评审结果出炉 首次收到海外投稿
https://www.chinanews.com.cn/sh/2025/01-05/10347874.shtml,“重走海丝路之遇见妈祖”活动在福建湄洲岛启动
https://www.chinanews.com.cn/cj/2025/01-05/10347884.shtml,浙江经济观察：“企呼我应”何以促进高质量发展？
https://www.chinanews.com.cn/sh/2025/01-05/10347877.shtml,宾客盈门，“尔滨”续热的“幸福考验”
https://www.chinanews.com.cn/gj/2025/01-05/10347871.shtml,外媒：希腊前总理康斯坦丁·西米蒂斯去世 享年88岁
https://www.chinanews.com.cn/tp/2025/01-05/10347876.shtml,2025厦门马拉松：杨绍辉打破中国籍选手赛会纪录
https://www.chinanews.com.cn/sh/shipin/2025/01-05/news1009756.shtml,冠军中国·青春接力｜拖动水上巨无霸要用多大力？
https://www.chinanews.com.cn/gn/shipin/2025/01-05/news1009755.shtml,把强国建设、民族复兴伟业不断推向前进 习主席新年贺词引发热烈反响
https://www.chinanews.com.cn/jk/2025/01-05/10347880.shtml,国家卫健委：目前儿童呼吸道感染以流感病毒和肺炎支原体为主 治疗建议→
https://www.chinanews.com.cn/gn/shipin/2025/01-05/news1009754.shtml,学而时习之｜确保党永远不变质、不变色、不变味
https://www.chinanews.com.cn/gn/2025/01-05/10347875.shtml,冠军中国·青春接力｜拖动水上巨无霸要用多大力？
https://www.chinanews.com.cn/gn/2025/01-05/10347873.shtml,把强国建设、民族复兴伟业不断推向前进 习主席新年贺词引发热烈反响
https://www.chinanews.com.cn/cul/2025/01-05/10347872.shtml,X剧场回归 官宣2025年《棋士》《人之初》率先入驻
https://www.chinanews.com.cn/gj/2025/01-05/10347870.shtml,俄罗斯多个机场暂停起降航班
https://www.chinanews.com.cn/gj/2025/01-05/10347869.shtml,胡塞武装称向以色列海法一发电站发射一枚高超音速导弹
https://www.chinanews.com.cn/tp/2025/01-05/10347867.shtml,河南郑州：警营开放日吸引市民参观体验
https://www.chinanews.com.cn/sh/2025/01-05/10347868.shtml,近万村民居住生活 人虎共存如何确保安全？记者探访→
https://www.chinanews.com.cn/tp/2025/01-05/10347865.shtml,山东烟台边检跨昼夜海上巡航护平安
https://www.chinanews.com.cn/gn/2025/01-05/10347866.shtml,我国再添“定海神器”！全球最大打桩船交付
https://www.chinanews.com.cn/tp/2025/01-05/10347864.shtml,西宁至呼和浩特首次开行动车组列车
https://www.chinanews.com.cn/ty/2025/01-05/10347855.shtml,女排超级联赛一周综述：江苏、天津获季后赛两连胜
https://www.chinanews.com.cn/gn/2025/01-05/10347852.shtml,延续35年外交传统 中国外长开年首访非洲有何看点？
https://www.chinanews.com.cn/sh/2025/01-05/10347849.shtml,2025年新疆就业援助月专项活动启动
https://www.chinanews.com.cn/ty/2025/01-05/10347844.shtml,150所高校将参加广东省第十二届大学生运动会
https://www.chinanews.com.cn/jk/2025/01-05/10347863.shtml,发缝越来越宽，怎么办？这种情况要赶紧治疗
https://www.chinanews.com.cn/gn/2025/01-05/10347862.shtml,【见证•2024】统一战线年度热词（八）：党外知识分子联谊会规范化建设
https://www.chinanews.com.cn/gj/2025/01-05/10347860.shtml,因海岸发现油污 克里米亚一地宣布进入紧急状态
https://www.chinanews.com.cn/sh/2025/01-05/10347853.shtml,香港至西安高铁开行 实现晨享港式茶点夜品羊肉泡馍
https://www.chinanews.com.cn/sh/shipin/cns/2025/01-05/news1009753.shtml,第36届哈尔滨国际冰雕比赛闭幕 12国选手冰雕作品惊艳亮相
https://www.chinanews.com.cn/gj/2025/01-05/10347851.shtml,美国拟向以色列出售80亿美元武器 加沙停火谈判继续进行
https://www.chinanews.com.cn/sh/shipin/cns-d/2025/01-05/news1009751.shtml,从“丝路起点”到“东方之珠” 西安至香港直达高铁列车正式开行
https://www.chinanews.com.cn/cj/shipin/cns-d/2025/01-05/news1009750.shtml,河北承德：番石榴“落户”北方 迎来甜蜜采摘季
https://www.chinanews.com.cn/sh/shipin/cns-d/2025/01-05/news1009749.shtml,150米打桩船“二航长青”轮完工交付
https://www.chinanews.com.cn/gj/shipin/cns-d/2025/01-05/news1009752.shtml,从佐治亚州南部启程 美国前总统卡特为期6天国葬开始
https://www.chinanews.com.cn/sh/shipin/2025/01-05/news1009748.shtml,大自然的鬼斧神工！-43.7℃绽放的气泡冰花 你见过吗？
https://www.chinanews.com.cn/gj/2025/01-05/10347850.shtml,韩国法院：驳回申请！尹锡悦律师：尹锡悦将出席辩论
https://www.chinanews.com.cn/tp/hd2011/2025/01-05/1136450.shtml,陕西首开进港高铁
https://www.chinanews.com.cn/tp/2025/01-05/10347847.shtml,四川成都街头腊味飘香 年味渐浓
https://www.chinanews.com.cn/tp/hd2011/2025/01-05/1136439.shtml,2025厦门马拉松鸣枪开跑
https://www.chinanews.com.cn/gj/2025/01-05/10347843.shtml,韩国法院驳回尹锡悦方提出的逮捕令异议申请
https://www.chinanews.com.cn/sh/shipin/2025/01-05/news1009747.shtml,小寒｜海霞邀你共探晋粤传统村落：从炎帝中庙到茶盐古道
https://www.chinanews.com.cn/sh/shipin/2025/01-05/news1009746.shtml,《二十四节气七十二候》系列高清视频：小寒
https://www.chinanews.com.cn/gj/2025/01-05/10347840.shtml,意总理梅洛尼访美与特朗普会面 或成特朗普“强有力伙伴”
https://www.chinanews.com.cn/dwq/2025/01-05/10347839.shtml,港珠澳大桥香港段举行半程马拉松赛事
https://www.chinanews.com.cn/sh/2025/01-05/10347838.shtml,西安至香港直达高铁列车开行
https://www.chinanews.com.cn/dwq/2025/01-05/10347837.shtml,珠江“压咸补淡”二十载 汩汩清泉润濠江两岸
https://www.chinanews.com.cn/sh/2025/01-05/10347829.shtml,江西“90后”“复活”古建筑：冀中国古建筑文化走向世界
https://www.chinanews.com.cn/sh/2025/01-05/10347824.shtml,哈铁实行新列车运行图：旅客列车开行数量将达到242对
https://www.chinanews.com.cn/sh/2025/01-05/10347822.shtml,云南铁路实施新列车运行图 客货运输版图拓展
https://www.chinanews.com.cn/sh/2025/01-05/10347821.shtml,山东首条高铁快运线路启运 青岛海鲜“朝发午至”河南成为日常
https://www.chinanews.com.cn/sh/2025/01-05/10347820.shtml,中国自研最大直径双护盾TBM在湖北宜昌始发
https://www.chinanews.com.cn/sh/2025/01-05/10347813.shtml,1月5日起全国铁路实施新列车运行图 铁路上海南站进入“高铁时代”
https://www.chinanews.com.cn/sh/2025/01-05/10347836.shtml,花灯一点 年味满满 春节气氛组已上线
https://www.chinanews.com.cn/ga/shipin/cns-d/2025/01-05/news1009745.shtml,港珠澳大桥香港段半程马拉松开跑 约8000名中外选手同场竞技
https://www.chinanews.com.cn/gn/2025/01-05/10347834.shtml,西藏有力有效推进乡村全面振兴 和美乡村为幸福“加码”
https://www.chinanews.com.cn/gn/2025/01-05/10347833.shtml,乘风破浪更向前——2024年新疆经济发展述评
https://www.chinanews.com.cn/gj/2025/01-05/10347832.shtml,百年渔港换新颜
https://www.chinanews.com.cn/gj/2025/01-05/10347831.shtml,视评线丨21世纪的第25年 美国又被恐怖主义打到本土了
https://www.chinanews.com.cn/tp/2025/01-05/10347823.shtml,武汉发布大雾橙色预警
https://www.chinanews.com.cn/sh/2025/01-05/10347830.shtml,文化中国行·小寒｜春山可望，静候新岁
https://www.chinanews.com.cn/dwq/2025/01-05/10347828.shtml,复兴号都听得懂“港普”了！今天，香港的内地“朋友圈”扩大了
https://www.chinanews.com.cn/sh/2025/01-05/10347827.shtml,一网20多万斤！黑龙江库塘沐湖冬捕开网啦！
https://www.chinanews.com.cn/sh/2025/01-05/10347826.shtml,2024你眼中的铁路，是什么样子？
https://www.chinanews.com.cn/tp/2025/01-05/10347817.shtml,中国邮政发行《乙巳年》特种邮票
https://www.chinanews.com.cn/tp/2025/01-05/10347816.shtml,广西三江侗乡：文旅融合引客来
https://www.chinanews.com.cn/ll/2025/01-05/10347825.shtml,美美与共，做文明互鉴的推动者
https://www.chinanews.com.cn/tp/2025/01-05/10347814.shtml,“英雄的史诗·人民的非遗——2025史诗新年夜专场晚会”在乌鲁木齐举办
https://www.chinanews.com.cn/tp/hd2011/2025/01-05/1136436.shtml,《乙巳年》特种邮票在京首发
https://www.chinanews.com.cn/cj/2025/01-05/10347818.shtml,焦点访谈丨生效实施三周年 RCEP交出了怎样的“成绩单”？
https://www.chinanews.com.cn/ll/2025/01-05/10347815.shtml,美中贸易对美国发展繁荣非常重要
https://www.chinanews.com.cn/gn/2025/01-05/10347812.shtml,瞭望·治国理政纪事｜人民城市为人民
https://www.chinanews.com.cn/gn/2025/01-05/10347811.shtml,新征程上每一个人都是主角——习近平主席二〇二五年新年贺词启示录⑤
https://www.chinanews.com.cn/sh/2025/01-05/10347805.shtml,（神州写真）“尔滨热”新年续走高 人气与压力同升增“幸福烦恼”
https://www.chinanews.com.cn/sh/shipin/2025/01-05/news1009744.shtml,尔滨，你还藏着多少惊喜？哈尔滨“冰”马俑即将上线
https://www.chinanews.com.cn/sh/shipin/cns-d/2025/01-05/news1009743.shtml,1月5日铁路实施新列车运行图 上海南站进入“高铁时代”
https://www.chinanews.com.cn/gj/shipin/cns-d/2025/01-05/news1009741.shtml,中尼友人南亚国际书展吟诵中国作家诗歌
https://www.chinanews.com.cn/sh/shipin/cns-d/2025/01-05/news1009742.shtml,上海再添一座火车站！铁路莘庄站正式开通运营
https://www.chinanews.com.cn/sh/shipin/cns/2025/01-05/news1009740.shtml,【趣解廿四时】小寒节气至 古人如何“藏冰”？
https://www.chinanews.com.cn/gn/2025/01-05/10347801.shtml,广西统一战线2025年新年音乐会在南宁举行
https://www.chinanews.com.cn/cj/2025/01-05/10347804.shtml,山西石楼：黄河岸边“青岛村”的劳务输出故事
https://www.chinanews.com.cn/sh/2025/01-05/10347802.shtml,大雾天气来袭 湖北30多个高速收费站临时管制
https://www.chinanews.com.cn/gn/2025/01-05/10347803.shtml,【见证•2024】统一战线年度热词（七）：党外知识分子建言献策专家组
https://www.chinanews.com.cn/sh/2025/01-05/10347800.shtml,《乙巳年》特种邮票今天首发 设计灵感揭秘
https://www.chinanews.com.cn/gn/2025/01-05/10347793.shtml,西安至香港直达高铁列车正式开行
https://www.chinanews.com.cn/tp/hd2011/2025/01-05/1136429.shtml,《乙巳年》特种纪念邮票发行
https://www.chinanews.com.cn/gn/2025/01-05/10347798.shtml,中原农谷拔节生长
https://www.chinanews.com.cn/sh/2025/01-05/10347797.shtml,把疏勒河“装进”计算机（经济新方位·实体经济和数字经济深度融合）
https://www.chinanews.com.cn/sh/2025/01-05/10347796.shtml,新疆各口岸2024年人员往来和跨境运输破纪录
https://www.chinanews.com.cn/gn/2025/01-05/10347795.shtml,我与国家一起前行丨“云端”上的生命守护
https://www.chinanews.com.cn/gn/2025/01-05/10347794.shtml,新年新气象 实干开新局
https://www.chinanews.com.cn/ll/2025/01-05/10347792.shtml,深化改革 提升正风肃纪反腐效能
https://www.chinanews.com.cn/cj/2025/01-05/10347791.shtml,向新求变驱动消费多元发展
https://www.chinanews.com.cn/cj/2025/01-05/10347790.shtml,首发经济激发消费新活力
https://www.chinanews.com.cn/tp/hd2011/2025/01-05/1136424.shtml,西藏山南：普莫雍错“蓝冰”展现大自然鬼斧神工
https://www.chinanews.com.cn/sh/shipin/cns-d/2025/01-05/news1009739.shtml,候鸟的旅行箱丨第廿集：小寒
https://www.chinanews.com.cn/jk/2025/01-05/10347787.shtml,阳性率持续上升，99%以上为甲流！多地紧急提醒
https://www.chinanews.com.cn/sh/2025/01-05/10347786.shtml,6-9日冷空气将影响西南及中东部地区
https://www.chinanews.com.cn/sh/2025/01-05/10347785.shtml,未来十天西南地区和江南西部有雨雪天气过程
https://www.chinanews.com.cn/sh/2025/01-05/10347784.shtml,冷空气将席卷中东部 西南地区雨雪增多
https://www.chinanews.com.cn/sh/2025/01-05/10347782.shtml,黑龙江：“小寒”之寒胜“大寒” 注意“养肾防寒”
https://www.chinanews.com.cn/cj/2025/01-05/10347780.shtml,（经济观察）前瞻2025：利好政策可期，民生料获更好保障
https://www.chinanews.com.cn/gj/2025/01-05/10347783.shtml,以军：成功拦截一枚自也门方向发射的弹道导弹
https://www.chinanews.com.cn/sh/shipin/cns/2025/01-05/news1009738.shtml,北京奥运福娃20岁了
https://www.chinanews.com.cn/tp/2025/01-05/10347776.shtml,CBA常规赛：浙江方兴渡胜北京控股
https://www.chinanews.com.cn/ty/2025/01-05/10347779.shtml,美职篮芝加哥公牛队宣布退役罗斯1号球衣
https://www.chinanews.com.cn/tp/2025/01-05/10347777.shtml,北京市民夜场滑雪度周末
https://www.chinanews.com.cn/tp/hd2011/2025/01-05/1136408.shtml,1月5日起全国铁路实施新列车运行图 铁路上海南站进入“高铁时代”
https://www.chinanews.com.cn/tp/hd2011/2025/01-05/1136417.shtml,港珠澳大桥半程马拉松在香港举行
https://www.chinanews.com.cn/gj/2025/01-05/10347774.shtml,从佐治亚州南部启程 美国前总统卡特为期6天国葬开始
https://www.chinanews.com.cn/gn/2025/01-05/10347773.shtml,全国铁路1月5日起实行新的列车运行图
https://www.chinanews.com.cn/gj/2025/01-05/10347760.shtml,突发！巴基斯坦俾路支省发生爆炸袭击 已致5死数十伤
https://www.chinanews.com.cn/ty/2025/01-05/10347772.shtml,祝贺！刘梦婷收获自由式滑雪大跳台世界杯首冠
https://www.chinanews.com.cn/gn/2025/01-05/10347770.shtml,沈铁今日起实行新的列车运行图
https://www.chinanews.com.cn/life/2025/01-05/10347771.shtml,小寒时节如何养生？吃它，健脾养气补血
https://www.chinanews.com.cn/sh/2025/01-05/10347769.shtml,铁路调图 国铁集团郑州局加强京津冀、长三角等地运力
https://www.chinanews.com.cn/sh/2025/01-05/10347768.shtml,今起实行新列车运行图 快看看有直达你家的吗？
https://www.chinanews.com.cn/jk/2025/01-05/10347767.shtml,小寒来了！养生防病注意啥？最全科普
https://www.chinanews.com.cn/sh/shipin/cns/2025/01-05/news1009735.shtml,洋主播说节气：数九消寒待春来，沉浸式体验古人的冬日浪漫
https://www.chinanews.com.cn/gn/shipin/2025/01-05/news1009737.shtml,为了人类命运共同体｜习近平的2024外交足迹
https://www.chinanews.com.cn/gn/2025/01-05/10347765.shtml,为了人类命运共同体｜习近平的2024外交足迹
https://www.chinanews.com.cn/sh/2025/01-05/10347763.shtml,29省份上线运行医保定点药店比价小程序
https://www.chinanews.com.cn/gn/shipin/2025/01-05/news1009736.shtml,学而时习之｜持之以恒推进全面从严治党
https://www.chinanews.com.cn/gj/2025/01-05/10347737.shtml,澳大利亚新州中北海岸附近一轻型飞机坠毁致2人遇难
https://www.chinanews.com.cn/cul/2025/01-05/10347761.shtml,博物馆2024，不能错过这些关键词
https://www.chinanews.com.cn/cul/2025/01-05/10347747.shtml,中尼友人南亚国际书展吟诵中国作家诗歌
https://www.chinanews.com.cn/sh/2025/01-05/10347745.shtml,（乡村行·看振兴）数百只镜头诠释运河风情 浙江斗门古镇用艺术开启新年
https://www.chinanews.com.cn/gn/2025/01-05/10347759.shtml,天天学习｜这所美国中学师生同习主席结下深厚友谊
https://www.chinanews.com.cn/gj/2025/01-05/10347746.shtml,组阁谈判失败 奥地利总理宣布将于近日辞职
https://www.chinanews.com.cn/sh/2025/01-05/10347758.shtml,火了！他们把林芝非遗服饰穿到了香港和澳门……
https://www.chinanews.com.cn/sh/2025/01-05/10347757.shtml,赛里木湖现冰推景观 网友：季节、地点双重限定美景
https://www.chinanews.com.cn/sh/2025/01-05/10347756.shtml,新疆阿克苏：雪域冬景引客来
https://www.chinanews.com.cn/sh/2025/01-05/10347755.shtml,再次刷新纪录！2024新疆各口岸繁忙而有序
https://www.chinanews.com.cn/gj/2025/01-05/10347753.shtml,日方批评美政治化日铁收购美钢案 专家：实质逻辑还是“美国优先”
https://www.chinanews.com.cn/gj/2025/01-05/10347752.shtml,【国际锐评】美国对华科技战为何事与愿违？
https://www.chinanews.com.cn/cj/2025/01-05/10347750.shtml,近期小龙虾需求降低 价格指数小幅回落
https://www.chinanews.com.cn/gn/2025/01-05/10347751.shtml,践行友好合作 展现大国担当
https://www.chinanews.com.cn/sh/2025/01-05/10347749.shtml,周末在冰场雪场玩什么？看“瞎出溜”弯道超车
https://www.chinanews.com.cn/tp/2025/01-05/10347741.shtml,打造影像文化交流平台 富士胶片影像空间落户南京
https://www.chinanews.com.cn/gn/2025/01-05/10347748.shtml,今年首个重大水利工程开工 估算总投资76.97亿元
https://www.chinanews.com.cn/tp/2025/01-05/10347738.shtml,青海省图书馆《永乐大典》文献展吸引民众观看
https://www.chinanews.com.cn/sh/2025/01-05/10347743.shtml,黑龙江三江国家级自然保护区打造跨国生态长廊 保护生物多样性
https://www.chinanews.com.cn/cj/2025/01-05/10347744.shtml,全国首支发行人非属地企业知识产权证券化产品发行
https://www.chinanews.com.cn/sh/2025/01-05/10347732.shtml,全国大众冰雪季黑龙江汽车挑战赛开赛 百辆车冰雪赛道上“竞速”
https://www.chinanews.com.cn/sh/2025/01-05/10347733.shtml,隋唐长安城安化门遗址最新考古成果发布
https://www.chinanews.com.cn/sh/2025/01-05/10347742.shtml,如何了解黄河生态之变？看看这些鸟儿就知道
https://www.chinanews.com.cn/tp/hd2011/2025/01-05/1136398.shtml,WCBA常规赛：山西竹叶青酒胜内蒙古农信
https://www.chinanews.com.cn/tp/hd2011/2025/01-05/1136389.shtml,冬日桂林霜林醉
https://www.chinanews.com.cn/tp/hd2011/2025/01-05/1136382.shtml,北京：新年文化市集吸引民众
https://www.chinanews.com.cn/cj/2025/01-05/10347734.shtml,整体运行平稳 2024年12月大宗商品价格指数公布
https://www.chinanews.com.cn/dwq/2025/01-05/10347731.shtml,“全民减碳大行动——减碳续航礼”在香港举办
https://www.chinanews.com.cn/sh/2025/01-05/10347730.shtml,广州市流溪河国家森林公园第二十三届“流溪梅花节”最佳赏花期启动仪式举行
https://www.chinanews.com.cn/sh/2025/01-05/10347729.shtml,新疆兵团：冰雪季系列活动激活消费市场
https://www.chinanews.com.cn/ty/2025/01-05/10347728.shtml,2025年贵州“村超”新赛季开赛 108支球队参赛
https://www.chinanews.com.cn/sh/2025/01-05/10347720.shtml,新疆喀什地区麦盖提县发生3.2级地震 震源深度13千米
https://www.chinanews.com.cn/gn/2025/01-05/10347727.shtml,海关总署出台15项措施推动西部大开发形成新格局
https://www.chinanews.com.cn/jk/2025/01-05/10347726.shtml,近期呼吸道疾病高发 分级诊疗缓解儿童就诊难
https://www.chinanews.com.cn/edu/2025/01-05/10347725.shtml,6所高校拟增设低空经济相关专业，哪些领域新增本科专业多？
https://www.chinanews.com.cn/sh/2025/01-05/10347724.shtml,40天、90亿人次……今年春运“预”热工作进展如何？
https://www.chinanews.com.cn/sh/shipin/cns/2025/01-05/news1009734.shtml,画框中的二十四节气——小寒
https://www.chinanews.com.cn/jk/2025/01-05/10347722.shtml,为什么有些人的血管容易堵？握拳，自测血管抵抗力
https://www.chinanews.com.cn/cj/2025/01-05/10347721.shtml,央行宣布将择机降准降息 “择机”以何为标志？专家解读
https://www.chinanews.com.cn/gj/2025/01-04/10347719.shtml,泰国元旦假期交通事故已致363人死亡
https://www.chinanews.com.cn/cj/2025/01-04/10347718.shtml,今年中国央行将维护资本市场稳定运行
https://www.chinanews.com.cn/sh/2025/01-04/10347717.shtml,卡拉比-丘广场上海落成致敬国际数学大师开创性贡献
https://www.chinanews.com.cn/dwq/2025/01-04/10347716.shtml,（粤港澳大湾区）湾区十大香港创意青年颁奖典礼在广州举行
https://www.chinanews.com.cn/shipin/cns-d/2025/01-04/news1009733.shtml,美国哥伦比亚大学青年学生代表团参观北京故宫
https://www.chinanews.com.cn/shipin/cns/2025/01-04/news1009732.shtml,韩国游客爱上“周五下班来中国” 山东青岛口岸入境韩国游客增长明显
https://www.chinanews.com.cn/shipin/cns-d/2025/01-04/news1009731.shtml,哈尔滨“冰”马俑即将上线
https://www.chinanews.com.cn/cj/2025/01-04/10347712.shtml,陈茂波：政府将开源节流冀三年内恢复财政平衡
https://www.chinanews.com.cn/ty/2025/01-04/10347711.shtml,中国选手商竣程因身体不适退出香港网球公开赛
https://www.chinanews.com.cn/tw/shipin/cns/2025/01-04/news1009730.shtml,宋涛会见台东县长饶庆铃一行
https://www.chinanews.com.cn/gj/2025/01-04/10347709.shtml,韩公调处再次要求代总统指挥总统警卫处配合逮捕尹锡悦
https://www.chinanews.com.cn/ty/2025/01-04/10347708.shtml,2025年贵州“村超”新赛季108支球队参赛
https://www.chinanews.com.cn/gn/2025/01-04/10347707.shtml,宋涛会见台东县长饶庆铃一行
https://www.chinanews.com.cn/dxw/2025/01-04/10347701.shtml,东西问丨王昌丰：揭开西夏陵神秘面纱
https://www.chinanews.com.cn/cj/2025/01-04/10347705.shtml,2024年12月中国大宗商品价格指数小幅回调
https://www.chinanews.com.cn/ty/2025/01-04/10347700.shtml,曹缘、全红婵当选世界泳联2024年度最佳跳水运动员
https://www.chinanews.com.cn/cj/2025/01-04/10347702.shtml,今年中国将优化境内企业境外上市资金管理
https://www.chinanews.com.cn/sh/2025/01-04/10347704.shtml,中国团队研发出一种用于环保电池的高效催化剂
https://www.chinanews.com.cn/dxw/2025/01-04/10347645.shtml,东西问·传世名画丨凌利中：《高逸图卷》如何以“竹林七贤”传神“魏晋风度”？
https://www.chinanews.com.cn/cul/shipin/cns/2025/01-04/news1009729.shtml,【东西问】《高逸图卷》如何让“魏晋风度”传神阿堵逾千年？
https://www.chinanews.com.cn/cj/2025/01-04/10347703.shtml,泰老中国际公铁多式联运冷链班列运抵怀化
https://www.chinanews.com.cn/sh/shipin/cns/2025/01-04/news1009728.shtml,中国科大研发新型螺旋机器人 可抓蚂蚁提哑铃
https://www.chinanews.com.cn/sh/shipin/2025/01-04/news1009727.shtml,外国留学生痴迷中餐、点赞中国 ：中国是文明之地、未来之地、梦想之地
https://www.chinanews.com.cn/cj/2025/01-04/10347688.shtml,国家外汇管理局6个“加力”明确2025年重点工作
https://www.chinanews.com.cn/sh/shipin/cns-d/2025/01-04/news1009726.shtml,分布式电驱动飞行汽车亮相江苏南京
https://www.chinanews.com.cn/gj/shipin/cns-d/2025/01-04/news1009725.shtml,遭拜登禁止后，日本制铁将起诉美国“老铁”
https://www.chinanews.com.cn/sh/2025/01-04/10347694.shtml,"江苏扬州刮起""地中海音乐旋风"" 古城上演意大利音乐盛宴"
https://www.chinanews.com.cn/sh/shipin/cns-d/2025/01-04/news1009724.shtml,2025年天津邮轮季开启 一季度将迎出入境邮轮40余艘次
https://www.chinanews.com.cn/cul/2025/01-04/10347693.shtml,西安发现唐代中低级官吏及平民公共墓地
https://www.chinanews.com.cn/dwq/2025/01-04/10347692.shtml,大湾区十大香港创意青年颁奖典礼在广州举行
https://www.chinanews.com.cn/sh/2025/01-04/10347691.shtml,从“风景”到“场景” 福建武夷山将活动“流量”转化为经济“增量”
https://www.chinanews.com.cn/sh/2025/01-04/10347690.shtml,浙江促消费迎新春 年货集结尽显“国潮风”
https://www.chinanews.com.cn/ty/2025/01-04/10347689.shtml,天津宁河以赛营城 全年推出158场体育赛事
https://www.chinanews.com.cn/cj/2025/01-04/10347687.shtml,广西大学现代甘蔗栽培种基因组与种质资源演化研究取得重大突破
https://www.chinanews.com.cn/tp/2025/01-04/10347683.shtml,陕西西安：城市青年新年赶“旧”集
https://www.chinanews.com.cn/sh/2025/01-04/10347684.shtml,户籍民警重绘“人生图谱” 二十七年后他终于站到了阳光下
https://www.chinanews.com.cn/dwq/2025/01-04/10347686.shtml,《何以澳门》新书发布 勾勒澳门文化全景
https://www.chinanews.com.cn/tp/2025/01-04/10347681.shtml,山东青岛：新春灯会筹备忙
https://www.chinanews.com.cn/dwq/2025/01-04/10347685.shtml,澳门举行秋季书香文化节
https://www.chinanews.com.cn/sh/2025/01-04/10347682.shtml,国际大学生雪雕大赛开铲 国内外64支队伍展开角逐
https://www.chinanews.com.cn/sh/2025/01-04/10347680.shtml,辽宁冰雪文化主题展再现冬季冰雪资源优势和特定场景
https://www.chinanews.com.cn/sh/2025/01-04/10347679.shtml,辽宁推动地域间文化交流碰撞 让历史文化重焕生机
https://www.chinanews.com.cn/cj/2025/01-04/10347678.shtml,今年如何拼经济？新一波更大力度的经济政策来了！
https://www.chinanews.com.cn/hr/2025/01-04/10347677.shtml,中国驻韩国大使馆提醒在韩中国公民远离政治活动
https://www.chinanews.com.cn/ty/2025/01-04/10347676.shtml,泳坛名将傅园慧“家门口”就业：正式入职浙江大学体艺部
https://www.chinanews.com.cn/cul/2025/01-04/10347675.shtml,2025年全国广播电视工作会议在京召开
https://www.chinanews.com.cn/cj/2025/01-04/10347674.shtml,2025年中国人民银行工作会议召开
https://www.chinanews.com.cn/gn/2025/01-04/10347673.shtml,短视频丨6个热词感受2024年中国经济活力
https://www.chinanews.com.cn/gn/2025/01-04/10347672.shtml,全国宣传部长会议在京召开
https://www.chinanews.com.cn/gn/2025/01-04/10347671.shtml,天天学习丨中南海月刊（2024.12）
https://www.chinanews.com.cn/gn/shipin/2025/01-04/news1009723.shtml,短视频丨6个热词感受2024年中国经济活力
https://www.chinanews.com.cn/gn/2025/01-04/10347669.shtml,不变的关心和信心——数看习近平主席新年贺词
https://www.chinanews.com.cn/tp/2025/01-04/10347664.shtml,安全感拉满  南京公安冬日展“警”彩
https://www.chinanews.com.cn/jk/2025/01-04/10347668.shtml,国家医保局整合规范眼科类医疗服务价格项目
https://www.chinanews.com.cn/tp/2025/01-04/10347662.shtml,2025年侨家乐·福建华侨美食文化交流活动常山华侨农场专场开幕
https://www.chinanews.com.cn/tp/2025/01-04/10347658.shtml,天津意风区巴布布滑冰场开启“漫游意大利”奇幻冰雪之旅
https://www.chinanews.com.cn/edu/2025/01-04/10347647.shtml,2025年上半年中小学教师资格考试（笔试），报名时间定了
https://www.chinanews.com.cn/tp/2025/01-04/10347656.shtml,广西钦州举行“万幅春联进万家”文化惠民活动
https://www.chinanews.com.cn/gj/2025/01-04/10347667.shtml,大马士革国际机场本月7日起恢复国际航班
https://www.chinanews.com.cn/tp/2025/01-04/10347654.shtml,2025浙江新春消费季主场展销活动在杭州举行
https://www.chinanews.com.cn/tp/2025/01-04/10347651.shtml,2025广州插画艺术节人气旺
https://www.chinanews.com.cn/sh/2025/01-04/10347666.shtml,中俄边境密山青山湖冬捕拉开帷幕 当日出水6万斤鱼
https://www.chinanews.com.cn/sh/2025/01-04/10347665.shtml,吉林省首趟“智能复兴号”动车组正式上线运营
https://www.chinanews.com.cn/sh/2025/01-04/10347663.shtml,冷空气袭粤：最低气温跌至零下1.5℃ 部分地区现霜冻
https://www.chinanews.com.cn/cj/2025/01-04/10347661.shtml,2024年广州国际港中欧班列开行量达390列
https://www.chinanews.com.cn/cul/2025/01-04/10347659.shtml,系列短视频《听见这片海》即将收官 打造海洋文化的“福建读本”
https://www.chinanews.com.cn/sh/2025/01-04/10347657.shtml,福建宁德：深化联络联谊 积极拓展交流“朋友圈”
https://www.chinanews.com.cn/tp/2025/01-04/10347643.shtml,成都市民参加文殊院游园会体验民俗
https://www.chinanews.com.cn/sh/2025/01-04/10347653.shtml,福州闽侯甘蔗街道举行推介活动 侯官古街引客来
https://www.chinanews.com.cn/tp/2025/01-04/10347642.shtml,春节临近 呼和浩特民众选购花饰迎蛇年
https://www.chinanews.com.cn/cj/2025/01-04/10347650.shtml,中国出口海外最大起重吨位铁路起重机启程发运
https://www.chinanews.com.cn/gj/2025/01-04/10347635.shtml,加纳宣布对非洲国家护照持有者免签
https://www.chinanews.com.cn/tp/2025/01-04/10347634.shtml,商竣程中途退赛无缘香港网球公开赛决赛
https://www.chinanews.com.cn/sh/shipin/cns/2025/01-04/news1009722.shtml,冰封玫瑰、雪国列车……长春净月潭打造冰雪“名片”
https://www.chinanews.com.cn/gj/2025/01-04/10347633.shtml,哈萨克斯坦将加强航空安全检查
https://www.chinanews.com.cn/sh/2025/01-04/10347644.shtml,广东提前部署2025年度汛前准备工作
https://www.chinanews.com.cn/hr/2025/01-04/10347637.shtml,蛇年新春早 加拿大各地节庆活动次第登场
https://www.chinanews.com.cn/cj/2025/01-04/10347636.shtml,广州白云机场2024年旅客吞吐量7636.9万人次 创历史新高
https://www.chinanews.com.cn/sh/shipin/cns-d/2025/01-04/news1009721.shtml,兰铁公安集中返还电诈案件财物 涉案价值近百万元
https://www.chinanews.com.cn/sh/shipin/cns-d/2025/01-04/news1009720.shtml,2025年首场流星雨“降临”
https://www.chinanews.com.cn/sh/2025/01-04/10347639.shtml,中国首次在冬季对渤海冰区开展综合调查
https://www.chinanews.com.cn/sh/2025/01-04/10347641.shtml,福建永定：以花为媒谱新篇 农旅融合促振兴
https://www.chinanews.com.cn/ty/shipin/cns/2025/01-04/news1009719.shtml,2000余名中外选手长春挑战瓦萨越野滑雪赛
https://www.chinanews.com.cn/hr/2025/01-04/10347638.shtml,2025年侨家乐·漳州常山美食文化嘉年华开幕
https://www.chinanews.com.cn/sh/shipin/cns-d/2025/01-04/news1009718.shtml,呼伦贝尔最低气温跌至-40℃以下
https://www.chinanews.com.cn/sh/shipin/cns-d/2025/01-04/news1009717.shtml,在内蒙古边境小镇赏百里雾凇
https://www.chinanews.com.cn/sh/2025/01-04/10347640.shtml,（走进中国乡村）“复活”的壮锦织机
https://www.chinanews.com.cn/sh/2025/01-04/10347632.shtml,列车变摄影棚 商圈成“科普基地” 新年消费体验上新
https://www.chinanews.com.cn/cj/2025/01-04/10347631.shtml,“对推动今年经济持续回升向好充满信心”(权威发布·开创高质量发展新局面)
https://www.chinanews.com.cn/ll/2025/01-04/10347630.shtml,协和万邦，做友好合作的践行者(和音)
https://www.chinanews.com.cn/sh/2025/01-04/10347629.shtml,消费品以旧换新！跨年度持续实施
https://www.chinanews.com.cn/gn/2025/01-04/10347625.shtml,张锦刚任青海省人民政府副省长
https://www.chinanews.com.cn/gn/2025/01-04/10347627.shtml,罗东川任青海省人民政府副省长、代理省长
https://www.chinanews.com.cn/sh/2025/01-04/10347579.shtml,湖北省气象台发布大雾橙色预警
https://www.chinanews.com.cn/gj/2025/01-04/10347628.shtml,巴西方面开始对阿克套坠机事件黑匣子进行解码
https://www.chinanews.com.cn/cj/2025/01-04/10347626.shtml,工商银行行长刘珺：更好发挥利率自律机制基础作用
https://www.chinanews.com.cn/cul/2025/01-04/10347624.shtml,微短剧跨界融合 广电总局部署六大创作计划
https://www.chinanews.com.cn/gj/2025/01-04/10347611.shtml,韩国西南海域一船只倾覆致3人死亡 中领馆称遇难者中无中国公民
https://www.chinanews.com.cn/gj/2025/01-04/10347623.shtml,国际锐评丨美国对华科技战为何事与愿违？
https://www.chinanews.com.cn/gj/2025/01-04/10347583.shtml,自筑高墙，自断后路 | 新漫评
https://www.chinanews.com.cn/gj/2025/01-04/10347582.shtml,东西问·中外对话丨畅聊互联网+乡村振兴，比利时前大使：我喜欢在云南当农民
https://www.chinanews.com.cn/sh/2025/01-04/10347622.shtml,雪豹现身新疆雪后山区 身姿矫健步伐沉稳
https://www.chinanews.com.cn/cj/2025/01-04/10347621.shtml,新疆各口岸2024年人员往来和跨境运输破纪录
https://www.chinanews.com.cn/cj/2025/01-04/10347620.shtml,起好步、开好局 中国经济发展多个“新”强信心、增底气
https://www.chinanews.com.cn/tp/2025/01-04/10347616.shtml,四川成都文殊院“腊八节”庙会启幕
https://www.chinanews.com.cn/sh/2025/01-04/10347615.shtml,第七届哈尔滨松花江冰雪嘉年华开幕
https://www.chinanews.com.cn/cj/2025/01-04/10347619.shtml,数读2024丨10组数据 看我国文旅市场欣欣向荣
https://www.chinanews.com.cn/tp/2025/01-04/10347614.shtml,山西长治潞州区：碧水引白鹭翩飞 水质提升绘绿图
https://www.chinanews.com.cn/sh/2025/01-04/10347612.shtml,南方“尔滨”争夺冰雪游市场 “独家定制”拓文旅赛道
https://www.chinanews.com.cn/ll/2025/01-04/10347618.shtml,人民网评：在风雨洗礼中成长、在历经考验中壮大
https://www.chinanews.com.cn/tp/2025/01-04/10347604.shtml,呼和浩特年味儿渐浓 民众选购饰品迎蛇年
https://www.chinanews.com.cn/sh/shipin/cns-d/2025/01-04/news1009716.shtml,“美滴很！” 陕港高铁“动姐”将身穿全新制服亮相首发
https://www.chinanews.com.cn/sh/2025/01-04/10347609.shtml,调整力度近年最大 国铁太原局新列车运行图增开客列69趟
https://www.chinanews.com.cn/cj/2025/01-04/10347608.shtml,大连松木岛化工新材料中试基地启用 促科技成果转化应用
https://www.chinanews.com.cn/sh/2025/01-04/10347606.shtml,旅客进站丢失3万余元现金终寻回 警察提示安检口易遗失物品
https://www.chinanews.com.cn/sh/shipin/cns/2025/01-04/news1009715.shtml,外国留学生的毕业季：中国是文明之地 未来之地 梦想之地
https://www.chinanews.com.cn/sh/2025/01-04/10347610.shtml,河北张家口一菜市场发生火灾  致8死15伤
https://www.chinanews.com.cn/sh/2025/01-04/10347605.shtml,河南安阳：无人机“邮递员”飞越太行到山乡
https://www.chinanews.com.cn/sh/2025/01-04/10347603.shtml,古榕为证 中缅边境德昂族村寨“枝叶繁茂”
https://www.chinanews.com.cn/sh/2025/01-04/10347602.shtml,中国雪乡16米高大雪人手捧“冻柿子”迎新春
https://www.chinanews.com.cn/gj/2025/01-04/10347607.shtml,印度连发两起爆炸，至少7人死亡
https://www.chinanews.com.cn/gj/shipin/cns-d/2025/01-04/news1009714.shtml,美国新一届国会开幕 约翰逊连任众议长
https://www.chinanews.com.cn/hr/shipin/cns-d/2025/01-04/news1009713.shtml,福建华侨美食文化交流活动走进常山华侨农场
https://www.chinanews.com.cn/cul/2025/01-04/10347597.shtml,内容为王 《山花烂漫时》获评“年度口碑剧集”等多个奖项
https://www.chinanews.com.cn/cj/2025/01-04/10347599.shtml,长三角一体化示范区52项制度创新经验“出圈”
https://www.chinanews.com.cn/cul/2025/01-04/10347596.shtml,“魅力冰瀑·玉壶风光”黄河壶口瀑布国际影像征集活动举办
https://www.chinanews.com.cn/gj/2025/01-04/10347598.shtml,马来西亚成为金砖伙伴国 专家：将助力提升该国在全球合作中影响力
https://www.chinanews.com.cn/cj/2025/01-04/10347592.shtml,2024年中国轻纺城成交额破4000亿元
https://www.chinanews.com.cn/cj/2025/01-04/10347594.shtml,辽宁港口集团2024年实现货物吞吐量、集装箱量双增长
https://www.chinanews.com.cn/tp/hd2011/2025/01-04/1136375.shtml,2000余名中外选手长春挑战瓦萨越野滑雪赛
https://www.chinanews.com.cn/cj/2025/01-04/10347593.shtml,聚焦新质生产力 浙大科技园如何推动高校科技成果转化？
https://www.chinanews.com.cn/cj/2025/01-04/10347591.shtml,云南将新建扩建多个风电项目
https://www.chinanews.com.cn/sh/2025/01-04/10347587.shtml,辽宁省推动民政事业高质量发展再上新台阶
https://www.chinanews.com.cn/gj/2025/01-04/10347590.shtml,韩国警方对总统警卫处正副处长第二次发出传唤调查要求
https://www.chinanews.com.cn/ty/2025/01-04/10347588.shtml,2000余名中外选手长春挑战瓦萨越野滑雪赛
https://www.chinanews.com.cn/gj/2025/01-04/10347589.shtml,韩国公调处再次要求代总统下令执行逮捕令
https://www.chinanews.com.cn/gj/2025/01-04/10347586.shtml,“期待再来中国，了解更多中华传统文化”（环球热点）
https://www.chinanews.com.cn/ydyl/2025/01-04/10347585.shtml,匈建设和交通部部长：匈塞铁路将为匈牙利带来巨大收益
https://www.chinanews.com.cn/sh/2025/01-04/10347581.shtml,河北张家口市一菜市场发生火灾 已致8人遇难15人受伤
https://www.chinanews.com.cn/gj/2025/01-04/10347584.shtml,韩国济州航空空难遇难者遗体整理工作结束
https://www.chinanews.com.cn/dwq/2025/01-04/10347580.shtml,大湾区大学生艺术节举办展演活动
https://www.chinanews.com.cn/ty/2025/01-04/10347578.shtml,恭喜！曹缘当选世界泳联2024年度最佳男子跳水运动员
https://www.chinanews.com.cn/sh/shipin/2025/01-04/news1009712.shtml,中国第41次南极考察 我国已在南极建立5座考察站
https://www.chinanews.com.cn/ty/shipin/2025/01-04/news1009711.shtml,中国队首夺世界杯钢架雪车混合团体冠军
https://www.chinanews.com.cn/gn/2025/01-04/10347574.shtml,习近平总书记关切事｜打造黄金线路 造福中老民众
https://www.chinanews.com.cn/gn/2025/01-04/10347575.shtml,总书记的人民情怀｜“抓任何工作，给群众办任何事情，都要实事求是”
https://www.chinanews.com.cn/gn/shipin/2025/01-04/news1009710.shtml,总书记的人民情怀｜“抓任何工作，给群众办任何事情，都要实事求是”
https://www.chinanews.com.cn/gn/2025/01-04/10347572.shtml,【讲习所·中国与世界】“习主席的新年贺词着眼人类未来，展现全球视野”
https://www.chinanews.com.cn/tp/hd2011/2025/01-04/1136370.shtml,山东威海：大天鹅被朝阳唤醒 沐浴霞光翩翩飞舞
https://www.chinanews.com.cn/ydyl/2025/01-04/10347570.shtml,2025与世界共舞丨巴基斯坦专家：中国是全球经济增长的稳定器与助推器
https://www.chinanews.com.cn/gn/2025/01-04/10347569.shtml,【见证•2024】统一战线年度热词（六）：国有企业统战工作
https://www.chinanews.com.cn/gj/2025/01-04/10347568.shtml,遭拜登禁止后，日本制铁将起诉美国“老铁”
https://www.chinanews.com.cn/gj/2025/01-04/10347566.shtml,加沙地带停火谈判在多哈重启 以军空袭致数十人死亡
https://www.chinanews.com.cn/cj/2025/01-04/10347567.shtml,用平台善治回应社会的“算法向善”期许
https://www.chinanews.com.cn/cj/2025/01-04/10347565.shtml,中意专家学者相聚古城 共推扬州食品产业园转型升级
https://www.chinanews.com.cn/jk/2025/01-04/10347564.shtml,糖尿病患者控糖难？实用饮食小技巧助您更好管理血糖！| 吃出健康来
https://www.chinanews.com.cn/cj/2025/01-04/10347563.shtml,双双创新高！港珠澳大桥2024年客流车流同比分别增长72%和71%
https://www.chinanews.com.cn/hr/2025/01-04/10347562.shtml,中国驻土耳其使馆提醒中国公民赴土务工注意事项
https://www.chinanews.com.cn/gj/2025/01-04/10347554.shtml,加拿大政府2025年暂停“父母和祖父母家庭团聚计划”移民新申请
https://www.chinanews.com.cn/gj/2025/01-04/10347520.shtml,美国新一届国会开幕 约翰逊连任众议长
https://www.chinanews.com.cn/gj/2025/01-04/10347517.shtml,中越跨境医疗救助通道上演跨国生死救援
https://www.chinanews.com.cn/cj/2025/01-04/10347558.shtml,连平：提振消费需挖掘农村消费增长的潜力
https://www.chinanews.com.cn/cj/2025/01-04/10347561.shtml,西班牙火腿、法国红酒……“洋年货”受欢迎 义乌市场新年接单忙
https://www.chinanews.com.cn/mil/shipin/cns-d/2025/01-04/news1009709.shtml,闻令而动！西藏军区某部实战化开训立标杆
https://www.chinanews.com.cn/hr/2025/01-04/10347559.shtml,“侨智”建言以根亲涵化破解华裔新生代代际差异
https://www.chinanews.com.cn/hr/2025/01-04/10347557.shtml,加拿大温哥华华埠将举行春节庆会系列活动迎乙巳蛇年新春
https://www.chinanews.com.cn/cj/2025/01-04/10347556.shtml,山西核桃产品走向国际市场 出口75个国家和地区
https://www.chinanews.com.cn/sh/2025/01-04/10347551.shtml,呼和浩特市武川县一矿业公司发生事故 致3人死亡
https://www.chinanews.com.cn/tp/2025/01-04/10347555.shtml,青海西宁迎来2025年首场降雪
https://www.chinanews.com.cn/sh/2025/01-04/10347552.shtml,-44.5℃ “中国最冷小镇”呼中冷“冒烟”了
https://www.chinanews.com.cn/sh/2025/01-04/10347553.shtml,宁夏公路路网第二轮地震灾害排查工作完成 交通设施运行稳定
https://www.chinanews.com.cn/gj/2025/01-04/10347550.shtml,韩国西南海域一钓鱼船浸水 3人死亡
https://www.chinanews.com.cn/sh/2025/01-04/10347548.shtml,合肥海关查获侵权水杯854个
https://www.chinanews.com.cn/sh/2025/01-04/10347546.shtml,威海文登一公司试验装置溢出并伴有异味 现场已处置完毕
https://www.chinanews.com.cn/hr/2025/01-04/10347545.shtml,中国驻洛杉矶总领事馆提醒领区留学人员注意遵守美入境规定
https://www.chinanews.com.cn/gj/2025/01-04/10347549.shtml,缅甸独立日特赦6000余名囚犯
https://www.chinanews.com.cn/tp/hd2011/2025/01-04/1136365.shtml,英国发现该国迄今最大规模恐龙足迹 数百个恐龙脚印出现在一采石场中
https://www.chinanews.com.cn/cj/2025/01-04/10347544.shtml,（经济观察）前瞻2025：多项指标向好 折射中国经济积极趋势
https://www.chinanews.com.cn/sh/2025/01-04/10347543.shtml,台青音乐制作人：歌声牵动两岸情
https://www.chinanews.com.cn/gn/2025/01-04/10347542.shtml,预告丨电视专题片《反腐 为了人民》将在央视播出
https://www.chinanews.com.cn/gn/2025/01-04/10347540.shtml,习近平总书记的2024·区域落子
https://www.chinanews.com.cn/cj/2025/01-04/10347539.shtml,中国经济向新向实
https://www.chinanews.com.cn/gn/shipin/2025/01-04/news1009708.shtml,反腐为了人民——年度反腐大片即将开播
https://www.chinanews.com.cn/gj/2025/01-04/10347537.shtml,韩国全网直播“抓总统”，又创造了一个世界第一
https://www.chinanews.com.cn/gn/shipin/2025/01-04/news1009707.shtml,习近平总书记的2024·区域落子
https://www.chinanews.com.cn/sh/2025/01-04/10347534.shtml,宁夏银川抗震救援工作进展顺利 应急救援迅速、物资储备丰富
https://www.chinanews.com.cn/sh/2025/01-04/10347533.shtml,宁夏银川：生活必需品等货源稳定、供应充足、价格平稳
https://www.chinanews.com.cn/sh/2025/01-04/10347532.shtml,宁夏银川市新增墙体裂缝等轻微问题3592处 暂未发现因地震造成的结构安全问题
https://www.chinanews.com.cn/ga/shipin/cns-d/2025/01-04/news1009706.shtml,香港2024年约4500万人次旅客到访 同比增长31%
https://www.chinanews.com.cn/sh/2025/01-04/10347531.shtml,全国铁路调图 5组关键词看懂新变化
https://www.chinanews.com.cn/cj/2025/01-04/10347530.shtml,货币政策灵活适度精准有效
https://www.chinanews.com.cn/cj/2025/01-04/10347528.shtml,2024年12月中国公路物流运价指数达年内最高水平
https://www.chinanews.com.cn/cj/2025/01-04/10347529.shtml,2025年乡村全面振兴怎么做——积极发展乡村富民产业
https://www.chinanews.com.cn/gn/2025/01-04/10347527.shtml,让人民过上幸福生活是头等大事——习近平主席二〇二五年新年贺词启示录④
https://www.chinanews.com.cn/sh/2025/01-04/10347522.shtml,吉林省构建优质高效老年助餐网络 服务设施覆盖城乡
https://www.chinanews.com.cn/ty/2025/01-04/10347519.shtml,中国队首夺钢架雪车世界杯混合团体冠军
https://www.chinanews.com.cn/ga/shipin/cns/2025/01-04/news1009705.shtml,【小新的Vlog】无人机采样、智能温室……在香港种田养鱼有哪些科技手段？
https://www.chinanews.com.cn/sh/2025/01-04/10347521.shtml,是否有发生大地震的可能？宁夏地震台台长：近期地震活动频次较高并非大地震的前兆
https://www.chinanews.com.cn/sh/shipin/cns/2025/01-04/news1009704.shtml,广西开展就业服务活动：线上线下招聘同步进行
https://www.chinanews.com.cn/sh/2025/01-04/10347523.shtml,银川最近为何小震不断？是否会发生大地震？官方回应→
https://www.chinanews.com.cn/sh/2025/01-04/10347518.shtml,爱国主义教育系列专题片《薪火·见证》将在BRTV开播
https://www.chinanews.com.cn/ll/2025/01-04/10347524.shtml,人民网评：2025，全面完成“十四五”规划
https://www.chinanews.com.cn/sh/2025/01-04/10347516.shtml,宁夏银川地震造成6人轻微伤、无人员死亡、无房屋倒塌
https://www.chinanews.com.cn/sh/2025/01-04/10347515.shtml,广东河源一小轿车与大货车发生碰撞 致1死2伤
https://www.chinanews.com.cn/sh/2025/01-04/10347514.shtml,人这一辈子，一定要去一趟木垒！
https://www.chinanews.com.cn/sh/shipin/2025/01-04/news1009703.shtml,东北虎豹国家公园巡护偶遇东北虎 巡护员演示如何正确应对
https://www.chinanews.com.cn/sh/shipin/2025/01-04/news1009702.shtml,全国最大光氢储一体海上光伏项目并网发电
https://www.chinanews.com.cn/gn/2025/01-04/10347512.shtml,【见证•2024】统一战线年度热词（五）：重点考察调研
https://www.chinanews.com.cn/gn/2025/01-04/10347510.shtml,福建通报4起违反中央八项规定精神典型问题
https://www.chinanews.com.cn/gj/2025/01-04/10347505.shtml,德国多地机场计算机系统故障已解除
https://www.chinanews.com.cn/cj/2025/01-04/10347504.shtml,山西创新实施个体工商户保险保障 270万户“免申即享”
https://www.chinanews.com.cn/cj/2025/01-04/10347503.shtml,宁东能源化工基地累计引进8400余项高校科技成果 科技合作结出产业“硕果”
https://www.chinanews.com.cn/cj/2025/01-04/10347502.shtml,鲁宁携手共建国际物流大通道
https://www.chinanews.com.cn/sh/2025/01-04/10347509.shtml,山西省气象台发布大风蓝色预警
https://www.chinanews.com.cn/sh/2025/01-04/10347508.shtml,爱上中国只需一次说走就走的China Travel
https://www.chinanews.com.cn/tp/hd2011/2025/01-04/1136362.shtml,哥伦比亚一巴士冲出道路发生坠崖事故 造成13人死亡多人受伤
https://www.chinanews.com.cn/gj/2025/01-04/10347506.shtml,2025与世界共舞丨外国专家：中国高质量发展道路为全球南方国家提供借鉴
https://www.chinanews.com.cn/gj/2025/01-04/10347501.shtml,韩国总统警卫处长及次长未出席警方调查
https://www.chinanews.com.cn/ty/2025/01-04/10347500.shtml,2025年澳网正赛将于1月12日开始 郑钦文将领衔出战
https://www.chinanews.com.cn/gj/2025/01-04/10347499.shtml,美国批准对沙特价值7850万美元军售
https://www.chinanews.com.cn/gj/2025/01-04/10347498.shtml,特立尼达和多巴哥总理基思·罗利宣布不参加新一届大选
https://www.chinanews.com.cn/sh/2025/01-04/10347497.shtml,全国铁路明起调图 较现图增加230列
https://www.chinanews.com.cn/cul/2025/01-04/10347496.shtml,张旭云：云冈石窟的“末梢”藏着一个“小博物馆”
https://www.chinanews.com.cn/cj/2025/01-04/10347495.shtml,成达万高铁遂宁涪江特大桥主塔封顶 空中视角看四线“同框”
https://www.chinanews.com.cn/sh/2025/01-04/10347494.shtml,套路升级！骗子开始先给你转钱了 警惕成为电诈工具人
https://www.chinanews.com.cn/cul/2025/01-04/10347493.shtml,反腐为了人民——年度反腐大片即将开播
https://www.chinanews.com.cn/cj/2025/01-04/10347492.shtml,消费火热开年 新场景新业态不断涌现
https://www.chinanews.com.cn/gj/2025/01-04/10347491.shtml,埃塞俄比亚发生5.8级地震，震源深度10千米
https://www.chinanews.com.cn/gj/2025/01-04/10347490.shtml,日本御岳火山喷发 大型火山石飞落
https://www.chinanews.com.cn/sh/2025/01-04/10347486.shtml,四川甘孜州康定市发生3.0级地震，震源深度8千米
https://www.chinanews.com.cn/sh/2025/01-04/10347487.shtml,新疆阿克苏地区沙雅县发生3.2级地震，震源深度18千米
https://www.chinanews.com.cn/sh/2025/01-04/10347488.shtml,宁夏银川市永宁县发生2.9级地震，震源深度10千米
https://www.chinanews.com.cn/gj/2025/01-04/10347489.shtml,特朗普“封口费”案将于1月10日宣判
https://www.chinanews.com.cn/gn/2025/01-04/10347485.shtml,微视频丨2024温暖印记
https://www.chinanews.com.cn/gn/shipin/2025/01-04/news1009701.shtml,微视频丨2024温暖印记
https://www.chinanews.com.cn/gn/shipin/2025/01-04/news1009700.shtml,【新思想引领新征程】谱写成渝地区双城经济圈新时代华章
https://www.chinanews.com.cn/jk/2025/01-04/10347482.shtml,断碳水就是不吃主食？这份科学减重指南请收好
https://www.chinanews.com.cn/ty/2025/01-04/10347481.shtml,创造历史！中国队首夺钢架雪车世界杯混合团体冠军
https://www.chinanews.com.cn/cj/2025/01-04/10347480.shtml,【新思想引领新征程】谱写成渝地区双城经济圈新时代华章
https://www.chinanews.com.cn/tp/hd2011/2025/01-04/1136354.shtml,2025年第一轮“金星伴月”亮相天宇
https://www.chinanews.com.cn/tp/hd2011/2025/01-04/1136351.shtml,美国新一届国会开幕 约翰逊连任众议长
https://www.chinanews.com.cn/cj/2025/01-04/10347475.shtml,抓项目、优环境，新年各地开工拼经济
https://www.chinanews.com.cn/gn/2025/01-04/10347474.shtml,全国首部促进中小学生心理健康地方性法规出台
https://www.chinanews.com.cn/gj/2025/01-04/10347473.shtml,欧盟委员会主席冯德莱恩患“严重肺炎”
https://www.chinanews.com.cn/sh/2025/01-04/10347472.shtml,麻醉师不足、排不上队 推广“无痛”分娩仍有痛点待解
https://www.chinanews.com.cn/sh/2025/01-04/10347471.shtml,周末我国大部维持偏暖格局 南方降水将短暂增多
https://www.chinanews.com.cn/sh/2025/01-04/10347470.shtml,弹性提前退休，何时能领养老金？北京人社部门回应
https://www.chinanews.com.cn/tp/hd2011/2025/01-04/1136345.shtml,法国新内阁首次会议举行
https://www.chinanews.com.cn/gn/2025/01-04/10347468.shtml,国家安全部提示：莫用秘密送人情
https://www.chinanews.com.cn/cul/2025/01-04/10347467.shtml,复盘2024年电影市场，三方面优势彰显发展潜力
https://www.chinanews.com.cn/gn/2025/01-04/10347466.shtml,“80后”地级市政府“一把手”升至9人
https://www.chinanews.com.cn/edu/2025/01-04/10347465.shtml,考研还是找工作？大学毕业生选择日趋理性
https://www.chinanews.com.cn/sh/2025/01-04/10347464.shtml,南极北极哪个更冷？去秦岭站了解极地的秘密
https://www.chinanews.com.cn/gj/2025/01-04/10347462.shtml,中方强烈谴责以军袭击加沙北部综合性医疗机构的行为
https://www.chinanews.com.cn/gj/2025/01-04/10347463.shtml,法国新一届政府正式运作
https://www.chinanews.com.cn/gj/2025/01-04/10347461.shtml,德国多地机场出现计算机系统故障
https://www.chinanews.com.cn/dwq/2025/01-03/10347460.shtml,2024年约4500万人次旅客访香港 同比增长31%
https://www.chinanews.com.cn/ty/2025/01-03/10347459.shtml,中国选手商竣程反胜对手 晋级香港网球公开赛四强
https://www.chinanews.com.cn/gj/2025/01-03/10347458.shtml,尹锡悦弹劾案14日举行首次正式辩论 总统警卫处长等被立案调查
https://www.chinanews.com.cn/gj/2025/01-03/10347454.shtml,泰国推出高端旅游产品计划吸引全球游客
https://www.chinanews.com.cn/sh/2025/01-03/10347457.shtml,中国15部门联合印发应对老年期痴呆国家行动计划
https://www.chinanews.com.cn/cj/2025/01-03/10347456.shtml,天津跨境人民币收付总量破5400亿元创历史新高
https://www.chinanews.com.cn/shipin/cns-d/2025/01-03/news1009699.shtml,湖北咸丰坪坝营国家森林公园现冰挂美景
https://www.chinanews.com.cn/cj/shipin/cns-d/2025/01-03/news1009698.shtml,“鼓浪屿”号邮轮首航三亚
https://www.chinanews.com.cn/cj/shipin/cns/2025/01-03/news1009697.shtml,探访全球最大“华龙一号”核电基地漳州核电：大国重器 创新不断
https://www.chinanews.com.cn/gn/2025/01-03/10347449.shtml,柯文哲，这次会被关多久？
https://www.chinanews.com.cn/cj/2025/01-03/10347450.shtml,中国央行货币政策委员会建议：择机降准降息
https://www.chinanews.com.cn/cul/2025/01-03/10347448.shtml,香港话剧团在北京演出粤语《天下第一楼》
https://www.chinanews.com.cn/gj/2025/01-03/10347451.shtml,韩京畿道一商业楼起火 300多人获救或自行疏散
https://www.chinanews.com.cn/tp/2025/01-03/10347441.shtml,广西“银发族”秀才艺展风采
https://www.chinanews.com.cn/sh/shipin/cns-d/2025/01-03/news1009696.shtml,云南：戍边辅警吃到“妈妈牌饺子”瞬间泪奔
https://www.chinanews.com.cn/cj/shipin/cns-d/2025/01-03/news1009695.shtml,全新升级桥梁造塔机在湖北荆州李埠长江公铁大桥投用
https://www.chinanews.com.cn/gn/2025/01-03/10347430.shtml,“福聚榕城 青心相伴”榕台青年迎新交流活动举办
https://www.chinanews.com.cn/cj/2025/01-03/10347443.shtml,（聚焦中国高质量发展）科技“武装”农业 河南锻造新“食”力
https://www.chinanews.com.cn/gn/2025/01-03/10347440.shtml,西藏军区某边防团开启新年度军事训练战幕
https://www.chinanews.com.cn/sh/2025/01-03/10347444.shtml,石榴数据线丨天山胜利隧道贯通22.13公里的数字密码
https://www.chinanews.com.cn/gj/2025/01-03/10347442.shtml,“中国的发展成就是一场创新革命”
https://www.chinanews.com.cn/gj/2025/01-03/10347431.shtml,国际中文分级阅读平台“熊猫阅读”在尼泊尔首发上线
https://www.chinanews.com.cn/dwq/2025/01-03/10347438.shtml,智慧农业闪耀香港渔农美食嘉年华
https://www.chinanews.com.cn/ty/2025/01-03/10347436.shtml,国际乒联：成立工作组收集球员反馈并审查现有规定
https://www.chinanews.com.cn/gj/2025/01-03/10347437.shtml,漫评美国2024之滥用保护主义：“瞄准击中”
https://www.chinanews.com.cn/gj/2025/01-03/10347439.shtml,2025与世界共舞丨埃及经济学家：2024是中国成就之年
https://www.chinanews.com.cn/gn/2025/01-03/10347429.shtml,上海迈向“公园城市”：内外透绿 公园与城市无界融合
https://www.chinanews.com.cn/gj/2025/01-03/10347435.shtml,拜登宣布：阻止日本制铁公司收购美国钢铁公司
https://www.chinanews.com.cn/cj/2025/01-03/10347433.shtml,广西北海涠洲岛跨海联网工程主体开工
https://www.chinanews.com.cn/gj/2025/01-03/10347434.shtml,美国总统拜登决定正式阻止日本制铁公司收购美国钢铁公司
https://www.chinanews.com.cn/cj/2025/01-03/10347432.shtml,洋年货+1 泰国海鲜首次搭乘中老铁路销往中国
https://www.chinanews.com.cn/sh/shipin/cns-d/2025/01-03/news1009694.shtml,天津：国内首个海洋主题邮局亮相国家海洋博物馆
https://www.chinanews.com.cn/sh/shipin/cns-d/2025/01-03/news1009693.shtml,新疆阿尔泰山区迎来新年首场大范围降雪
https://www.chinanews.com.cn/cj/2025/01-03/10347426.shtml,证监会拟修改《证券发行与承销管理办法》部分条款
https://www.chinanews.com.cn/ydyl/2025/01-03/10347425.shtml,中乌城市科学联合实验室新增15家单位
https://www.chinanews.com.cn/tp/2025/01-03/10347402.shtml,成都新津：油菜花绽放引游人
https://www.chinanews.com.cn/sh/2025/01-03/10347424.shtml,2024年两岸“小三通”客运航线发送旅客超136万人次
https://www.chinanews.com.cn/sh/2025/01-03/10347414.shtml,“科特派”高允旺退休不离岗  坚守闽北山乡为竹荪“防寒抗冻”
https://www.chinanews.com.cn/sh/2025/01-03/10347419.shtml,上海百年巨鹿路：历史与时尚交融 彰显海派国际范儿
https://www.chinanews.com.cn/fz/shipin/cns-d/2025/01-03/news1009692.shtml,支持起诉职能如何在劳动者权益保障案件中发挥作用 北京检方详解
https://www.chinanews.com.cn/sh/2025/01-03/10347421.shtml,2024年北京铁警为旅客找回价值近千万元遗失财物
https://www.chinanews.com.cn/ga/shipin/cns/2025/01-03/news1009691.shtml,探访首趟陕港高铁：前期保障工作已到位 主题车厢将亮相首发
https://www.chinanews.com.cn/cj/2025/01-03/10347416.shtml,生态环境部：全国碳排放权交易市场配额清缴完成情况趋好
https://www.chinanews.com.cn/gj/2025/01-03/10347422.shtml,普京指示：与中国在人工智能领域开展合作
https://www.chinanews.com.cn/cj/2025/01-03/10347411.shtml,浙江交通观察：高速如何与山区发展“一路同行”？
https://www.chinanews.com.cn/gn/2025/01-03/10347407.shtml,上海市普陀海外联谊会澳门联会成立
https://www.chinanews.com.cn/gj/2025/01-03/10347401.shtml,2025年世界知识产权日主题为“知识产权和音乐：感受知识产权的节拍”
https://www.chinanews.com.cn/gj/shipin/cns-d/2025/01-03/news1009690.shtml,哈萨克斯坦发生近百辆汽车连环相撞事故
https://www.chinanews.com.cn/gj/2025/01-03/10347391.shtml,哈萨克斯坦一地发生95辆汽车连环相撞事故
https://www.chinanews.com.cn/sh/shipin/cns-d/2025/01-03/news1009689.shtml,专家详解减肥误区：单一食物减肥、生酮饮食等长期使用对健康不利
https://www.chinanews.com.cn/gn/shipin/cns-d/2025/01-03/news1009688.shtml,全国公安刑侦部门深入推进“冬季行动” 严厉打击各类突出违法犯罪
https://www.chinanews.com.cn/sh/shipin/cns-d/2025/01-03/news1009687.shtml,久坐族咋运动？一周运动多久为宜？专家支招
https://www.chinanews.com.cn/gj/2025/01-03/10347359.shtml,托卡耶夫：深化与中国全面合作仍将是哈外交重要任务
https://www.chinanews.com.cn/ty/2025/01-03/10347410.shtml,“世运迎新之旅”开启 邀请全球运动爱好者共享世运会
https://www.chinanews.com.cn/sh/shipin/cns-d/2025/01-03/news1009686.shtml,减肥应该怎么吃？专家：避免进食过快、过饱、过晚、过咸
https://www.chinanews.com.cn/gj/2025/01-03/10347349.shtml,德国2024年失业率升至6.0%
https://www.chinanews.com.cn/gn/2025/01-03/10347409.shtml,广西就业援助月启动 民众找工作过新年
https://www.chinanews.com.cn/cj/2025/01-03/10347408.shtml,湖南娄底：以硅钢“薄度”提升市场“高度”
https://www.chinanews.com.cn/sh/2025/01-03/10347406.shtml,宁夏各大商超货源充足、货品丰富 物资供应有保障
https://www.chinanews.com.cn/gj/2025/01-03/10347329.shtml,突尼斯发生沉船事故 致27名非法移民溺亡
https://www.chinanews.com.cn/gn/2025/01-03/10347396.shtml,黄河干流已封河658千米 全河凌情形势平稳
https://www.chinanews.com.cn/gj/2025/01-03/10347289.shtml,印尼马鲁古省海域一快艇沉没致8人遇难
https://www.chinanews.com.cn/cj/2025/01-03/10347404.shtml,《2024人工智能大模型行业调查研究报告》发布
https://www.chinanews.com.cn/cj/2025/01-03/10347399.shtml,河南密集加开国际货运航线扩宽“空中丝路”
https://www.chinanews.com.cn/cj/2025/01-03/10347403.shtml,奶茶里面含有“科技狠活”？多方回应
https://www.chinanews.com.cn/cj/2025/01-03/10347394.shtml,中国首艘央企自主运营邮轮“鼓浪屿”号自三亚起航
https://www.chinanews.com.cn/dwq/2025/01-03/10347395.shtml,港珠澳大桥穿梭巴士计划春运期间加开班次
https://www.chinanews.com.cn/cj/2025/01-03/10347398.shtml,调研报告指海归创业首选上海
https://www.chinanews.com.cn/cj/2025/01-03/10347393.shtml,新疆两条直流工程2024年外送电量突破1100亿千瓦时
https://www.chinanews.com.cn/cj/2025/01-03/10347392.shtml,长沙经开区构建产业发展“强引擎”   制造业迈向智能化
https://www.chinanews.com.cn/cul/2025/01-03/10347389.shtml,水木年华缪杰：“比起唱歌，我更愿助农”
https://www.chinanews.com.cn/dwq/2025/01-03/10347400.shtml,港珠澳大桥2024年出入境客流量超2700万人次
https://www.chinanews.com.cn/dwq/2025/01-03/10347388.shtml,2025年春运徐闻港进岛船票已开售
https://www.chinanews.com.cn/ty/2025/01-03/10347397.shtml,国足2025年第一期集训名单公布 侯永永首次入选
https://www.chinanews.com.cn/cj/2025/01-03/10347379.shtml,人民大学报告：未来十年“紫领”人才需求将超过3100万人
https://www.chinanews.com.cn/gn/2025/01-03/10347387.shtml,60余名云台同胞昆明迎新春话友谊
https://www.chinanews.com.cn/cj/2025/01-03/10347386.shtml,内蒙古首家民营稀土企业成功登陆主板
https://www.chinanews.com.cn/sh/2025/01-03/10347382.shtml,“11·1”黑河列车脱轨事故调查情况公布 20名相关责任人被处理
https://www.chinanews.com.cn/edu/2025/01-03/10347385.shtml,世界华人数学家联盟大会永久落户上海 吸引顶尖数学家集聚
https://www.chinanews.com.cn/gn/2025/01-03/10347376.shtml,陈金銮任清远市副市长、代理市长
https://www.chinanews.com.cn/gn/2025/01-03/10347374.shtml,湖南江永稳守耕地红线  筑牢粮食安全底线
https://www.chinanews.com.cn/tp/2025/01-03/10347367.shtml,云南昆明：双胞胎小熊猫与游客见面
https://www.chinanews.com.cn/gn/2025/01-03/10347384.shtml,2024年西藏检察机关共起诉破坏环境资源犯罪案件30件66人
https://www.chinanews.com.cn/dwq/2025/01-03/10347378.shtml,广州邮轮旅游新年迎“开门红” 春节航次一房难求
https://www.chinanews.com.cn/tp/2025/01-03/10347364.shtml,广东佛山落羽杉渐红吸引游客
https://www.chinanews.com.cn/cul/2025/01-03/10347381.shtml,“何以敦煌”大展落幕：超30万中外游客“在上海，看敦煌”
https://www.chinanews.com.cn/cul/2025/01-03/10347383.shtml,名家与读者共聚“2025文学·中国跨年盛典” 从文学中汲取力量
https://www.chinanews.com.cn/gn/2025/01-03/10347372.shtml,西安发现北宋士大夫阶层范氏家族墓地
https://www.chinanews.com.cn/sh/2025/01-03/10347370.shtml,冬日广西气候宜人 自然风光类景区受游客青睐
https://www.chinanews.com.cn/sh/shipin/cns-d/2025/01-03/news1009684.shtml,国家卫生健康委：马龙、黄张嘉洋担任“体重管理年”活动宣传大使
https://www.chinanews.com.cn/sh/shipin/cns-d/2025/01-03/news1009683.shtml,“社恐”精灵小麂频现湖南宜章山林觅食
https://www.chinanews.com.cn/gn/shipin/cns-d/2025/01-03/news1009682.shtml,国家卫生健康委：2025年取消门诊预交金 推进“血费减免一次都不跑”
https://www.chinanews.com.cn/shipin/cns-d/2025/01-03/news1009681.shtml,银川一日内连续发生两起4.5级以上地震 地震时室内居民该如何应对？
https://www.chinanews.com.cn/ga/shipin/2025/01-03/news1009685.shtml,《可看香港》之特别节目《可看澳门》专访澳门特别行政区立法会主席高开贤
https://www.chinanews.com.cn/dwq/2025/01-03/10347369.shtml,西安动车段全力做好进港动车组检修运用保障工作
https://www.chinanews.com.cn/gn/2025/01-03/10347368.shtml,四川省经济和信息化厅原党组成员、机关党委书记周海琦严重违纪违法被双开
https://www.chinanews.com.cn/gn/2025/01-03/10347366.shtml,辽宁为外籍来辽商务人士提供专项签证便利
https://www.chinanews.com.cn/tp/hd2011/2025/01-03/1136341.shtml,广西南宁：冬日水杉林美景如画
https://www.chinanews.com.cn/cj/2025/01-03/10347363.shtml,天津元旦文旅市场迎“开门红” 日均游客量同比增长16.9%
https://www.chinanews.com.cn/dwq/2025/01-03/10347362.shtml,“2024香港国际象棋世界公开赛”落幕
https://www.chinanews.com.cn/gn/2025/01-03/10347361.shtml,嫦娥五号样品最新研究揭示：20亿年前月球存在弱磁场
https://www.chinanews.com.cn/cj/2025/01-03/10347358.shtml,“长江班列+汉亚直航”国际多式联运通道开通
https://www.chinanews.com.cn/cul/2025/01-03/10347360.shtml,云南启动百部微短剧剧本联展活动
https://www.chinanews.com.cn/cj/2025/01-03/10347354.shtml,全国航空器燃料供应保税监管新模式在海南落地
https://www.chinanews.com.cn/gn/2025/01-03/10347350.shtml,湖北发现三国时期大型砖室墓 出土文物具异域风格
https://www.chinanews.com.cn/ty/2025/01-03/10347343.shtml,“体荟魔都”开新年  上海体育文化品牌“集合上新”
https://www.chinanews.com.cn/cj/2025/01-03/10347344.shtml,上海顶升高度最高的工程将开始施工 完善浦西中心城区快速路网
https://www.chinanews.com.cn/cj/2025/01-03/10347347.shtml,中国—金砖国家人工智能发展与合作中心运营基地在沪启用
https://www.chinanews.com.cn/cj/2025/01-03/10347348.shtml,杭州“低空+”场景上新 解锁低空生活多样打开方式
https://www.chinanews.com.cn/cj/2025/01-03/10347352.shtml,长春冬季农博会科技含量高年味浓
https://www.chinanews.com.cn/gn/2025/01-03/10347357.shtml,李强主持召开国务院常务会议
https://www.chinanews.com.cn/sh/2025/01-03/10347356.shtml,男子买“六手”电动车被炸身亡 为何6名卖家和维修店店主都承担责任？
https://www.chinanews.com.cn/cj/2025/01-03/10347355.shtml,创新成果丰硕 2023年京津冀区域协同发展指数继续提高
https://www.chinanews.com.cn/cj/2025/01-03/10347353.shtml,多个重大工程建设“进度条”不断刷新 “硬核”实力支撑经济发展底气
https://www.chinanews.com.cn/jk/2025/01-03/10347351.shtml,流感高发季，科学防护谨记五点 | 科普时间
https://www.chinanews.com.cn/cj/2025/01-03/10347345.shtml,新疆首个县级千万千瓦级新能源基地建成
https://www.chinanews.com.cn/cj/2025/01-03/10347346.shtml,中国经济新上加新
https://www.chinanews.com.cn/cul/2025/01-03/10347342.shtml,文化中国行 | 短途旅行与冰雪游受热捧 元旦假期文化味十足
https://www.chinanews.com.cn/hr/2025/01-03/10347339.shtml,专家谈《台港文学选刊》：海外华文文学作家的“精神家园”
https://www.chinanews.com.cn/sh/shipin/cns-d/2025/01-03/news1009680.shtml,云南昆明：双胞胎小熊猫幼崽与游客见面
https://www.chinanews.com.cn/tw/shipin/cns-d/2025/01-03/news1009678.shtml,五旬台胞扎根福州 巧手制作仿真舰船模型
https://www.chinanews.com.cn/sh/2025/01-03/10347290.shtml,受海上大风影响福州马尾至马祖“小三通”客运航线停航
https://www.chinanews.com.cn/cj/2025/01-03/10347326.shtml,联合国粮农组织：2024年国际食品价格指数同比下降2.1%
https://www.chinanews.com.cn/gj/shipin/cns-d/2025/01-03/news1009677.shtml,韩国京畿道商业楼灭火工作初步完成 数十人已获救或自救
https://www.chinanews.com.cn/dwq/2025/01-03/10347325.shtml,香港IPO市场新年暖意浓
https://www.chinanews.com.cn/sh/2025/01-03/10347337.shtml,深圳“潮”商圈 长治“花”样年 新春消费“热辣滚烫”
https://www.chinanews.com.cn/gj/shipin/cns-d/2025/01-03/news1009676.shtml,韩国公调处暂停执行对尹锡悦逮捕令
https://www.chinanews.com.cn/ydyl/2025/01-03/10347331.shtml,中老铁路冰鲜水产品试点运输启动
https://www.chinanews.com.cn/edu/2025/01-03/10347327.shtml,北京创新启动高校就业创业指导服务站建设
https://www.chinanews.com.cn/cj/shipin/cns-d/2025/01-03/news1009679.shtml,中国首艘自主运营国资邮轮“鼓浪屿”号以香港为母港启航
https://www.chinanews.com.cn/cj/2025/01-03/10347328.shtml,海南进出岛船票提前预售 大年初五出岛船票1月4日开售
https://www.chinanews.com.cn/dwq/2025/01-03/10347316.shtml,出境拓市场增订单 浙江平湖25家童车企业赴香港玩具展
https://www.chinanews.com.cn/cj/2025/01-03/10347315.shtml,小小美妆盒做出亿元大产业  浙江小镇打造“美丽经济”
https://www.chinanews.com.cn/sh/2025/01-03/10347317.shtml,（乡村行·看振兴）浙江缙云奉化“山海”优势互补 谱写乡村振兴“协作曲”
https://www.chinanews.com.cn/sh/2025/01-03/10347334.shtml,福建鲍鱼、山东喜馍……春节将近 你买了什么年货？
https://www.chinanews.com.cn/gn/2025/01-03/10347320.shtml,青海省污染防治远程巡检系统上线运行
https://www.chinanews.com.cn/dwq/2025/01-03/10347318.shtml,香港启德体育园主场馆将举办测试赛 料1万人到场
https://www.chinanews.com.cn/sh/2025/01-03/10347333.shtml,川渝特高压交流工程正式投运 “双城记”再添新动能
https://www.chinanews.com.cn/cj/2025/01-03/10347322.shtml,中国《个人所得税综合所得汇算清缴管理办法》公开征求意见
https://www.chinanews.com.cn/cj/2025/01-03/10347323.shtml,2024年1-11月中国市场手机出货量达2.8亿部
https://www.chinanews.com.cn/cj/2025/01-03/10347332.shtml,中国经济高质量发展成效，信息量大！这些事项事关你我
https://www.chinanews.com.cn/gn/2025/01-03/10347319.shtml,江西多举措强化生态保护红线管理 构建生态安全格局
https://www.chinanews.com.cn/gn/2025/01-03/10347330.shtml,贺词里的天下情怀
https://www.chinanews.com.cn/gn/2025/01-03/10347324.shtml,学习进行时｜追则能达，持则可圆——习近平主席新年贺词传递信心和力量
https://www.chinanews.com.cn/tp/2025/01-03/10347283.shtml,安徽肥西：发展数字农业壮大村集体经济
https://www.chinanews.com.cn/tp/2025/01-03/10347284.shtml,广西一高校展演原创实验性舞蹈作品吸引眼球
https://www.chinanews.com.cn/sh/2025/01-03/10347321.shtml,“说走就走”的中国行持续火爆 文化游成新风尚“圈粉”海外游客
https://www.chinanews.com.cn/tp/2025/01-03/10347282.shtml,广西柳州武警官兵吹响新年度军事训练集结号
https://www.chinanews.com.cn/sh/2025/01-03/10347314.shtml,湖南新化探索乡村治理新路径  “小茶室”汇聚发展“大智慧”
https://www.chinanews.com.cn/cj/2025/01-03/10347305.shtml,2025年“新年第一会” “最强地级市”苏州聚焦新型工业化
https://www.chinanews.com.cn/tp/2025/01-03/10347280.shtml,第29届老北京年货大集开市
https://www.chinanews.com.cn/dwq/2025/01-03/10347312.shtml,2025年春运广东全社会跨区域出行人员流动量预计约10.98亿人次
https://www.chinanews.com.cn/gn/shipin/cns-d/2025/01-03/news1009675.shtml,拜登政府称考虑对中国无人机进入美国实施限制 外交部回应
https://www.chinanews.com.cn/gn/2025/01-03/10347308.shtml,致公党北京市委会召开十届四次全委会议
https://www.chinanews.com.cn/cj/2025/01-03/10347310.shtml,第六届江西农博会开幕  超600家展商掘金年货市场
https://www.chinanews.com.cn/sh/shipin/cns-d/2025/01-03/news1009674.shtml,广州萝岗梅花盛放 游客踏“雪”寻梅
https://www.chinanews.com.cn/cj/2025/01-03/10347306.shtml,青海格尔木机场年旅客吞吐量达32.7万人次 创历史新高
https://www.chinanews.com.cn/gn/2025/01-03/10347300.shtml,湖南：“税力量”为大学生创业就业“铺路架桥”
https://www.chinanews.com.cn/cj/2025/01-03/10347304.shtml,中国内陆开放型经济新高地贵州：开放型经济发展取得明显成效
https://www.chinanews.com.cn/cul/shipin/cns-d/2025/01-03/news1009673.shtml,兰州：民众游览《风起大汉》汉文化主题街区 感受大汉遗风
https://www.chinanews.com.cn/sh/2025/01-03/10347302.shtml,逾20年免费DNA鉴定 “公益寻亲义工”谭笑丹助65个家庭团圆
https://www.chinanews.com.cn/gn/2025/01-03/10347296.shtml,陕西人大增强监督工作实效 护航高质量发展
https://www.chinanews.com.cn/shipin/cns/2025/01-03/news1009672.shtml,河北小伙拄拐登山30多座：梦想登珠峰 鼓励更多人挑战自己
https://www.chinanews.com.cn/cul/2025/01-03/10347299.shtml,浙江“木艺三代”玩转文创设计 让远古文物“活”起来
https://www.chinanews.com.cn/cul/2025/01-03/10347295.shtml,“我与海鸥的故事”摄影征集活动启动 邀公众共绘人鸥同乐画卷
https://www.chinanews.com.cn/gj/2025/01-03/10347301.shtml,专家：美菲合谋搅局南海局势，终将自食恶果 | 图览
https://www.chinanews.com.cn/sh/2025/01-03/10347297.shtml,湖南桃江乡村音乐教师：音乐是爱的教育 会带孩子们奔赴山海
https://www.chinanews.com.cn/cj/2025/01-03/10347293.shtml,全国首个新能源电池技术性贸易措施研究评议基地落地江苏常州
https://www.chinanews.com.cn/gn/2025/01-03/10347303.shtml,中央组织部从代中央管理党费中划拨3.84亿元用于元旦春节期间走访慰问生活困难党员、老党员、老干部
https://www.chinanews.com.cn/gn/2025/01-03/10347298.shtml,习近平致电祝贺卡韦拉什维利就任格鲁吉亚总统
https://www.chinanews.com.cn/ty/2025/01-03/10347294.shtml,国际乒联宣布成立工作组 解决球员关切 WTT：支持
https://www.chinanews.com.cn/cj/2025/01-03/10347288.shtml,株洲高新区设立500万元专项资金池 支持大学生创新创业项目
https://www.chinanews.com.cn/cj/2025/01-03/10347285.shtml,广西左江治旱黑水河现代化灌区工程开工建设
https://www.chinanews.com.cn/cul/2025/01-03/10347287.shtml,“青瓷之都”吸引全球艺术家 技艺为媒促文化交流
https://www.chinanews.com.cn/cj/2025/01-03/10347281.shtml,江苏去年完成交通基础设施建设投资2230亿元
https://www.chinanews.com.cn/gn/2025/01-03/10347238.shtml,国务院办公厅印发《关于全面深化药品医疗器械监管改革促进医药产业高质量发展的意见》
https://www.chinanews.com.cn/gn/2025/01-03/10347278.shtml,人社部等九部门联合开展2025年“春暖农民工”服务行动
https://www.chinanews.com.cn/gn/2025/01-03/10347250.shtml,新疆喀什地委副书记、政法委书记秦加友接受审查调查
https://www.chinanews.com.cn/sh/2025/01-03/10347292.shtml,今晚全北京向东北看！不仅有流星雨，还可能有极光彩蛋
https://www.chinanews.com.cn/cj/2025/01-03/10347291.shtml,依法查封扣押！市场监管总局通报：124批次产品不合格
https://www.chinanews.com.cn/sh/2025/01-03/10347286.shtml,周日迎小寒节气，冷空气蓄力将扭转偏暖格局？！
https://www.chinanews.com.cn/cj/2025/01-03/10347277.shtml,我国CNAS认可各类机构突破两万家
https://www.chinanews.com.cn/gn/2025/01-03/10347279.shtml,重庆公安打击整治网络谣言专项行动查处700余人
https://www.chinanews.com.cn/cj/2025/01-03/10347274.shtml,渣打成为中国首家创设信用联结票据的外资银行
https://www.chinanews.com.cn/gn/2025/01-03/10347276.shtml,秘鲁国会主席将访华
https://www.chinanews.com.cn/gn/2025/01-03/10347275.shtml,马祖境天后宫赴福建“妈祖行宫之尊”叙缘交流
https://www.chinanews.com.cn/dwq/2025/01-03/10347273.shtml,（粤港澳大湾区）2025年粤港澳大湾区灯会将在广州南沙点亮
https://www.chinanews.com.cn/cj/2025/01-03/10347272.shtml,2024年免签赴琼外国旅客同比增283%
https://www.chinanews.com.cn/cj/2025/01-03/10347270.shtml,新列车运行图5日实施 铁路杭州站开行列车对数创新高
https://www.chinanews.com.cn/cj/2025/01-03/10347267.shtml,2025年天津邮轮季开启 一季度将迎出入境邮轮40余艘次
https://www.chinanews.com.cn/cj/2025/01-03/10347265.shtml,财政部公开选聘政府会计准则委员会第四届咨询专家
https://www.chinanews.com.cn/gn/shipin/cns-d/2025/01-03/news1009671.shtml,王毅将访问纳米比亚、刚果(布)、乍得、尼日利亚
https://www.chinanews.com.cn/gj/shipin/cns-d/2025/01-03/news1009670.shtml,现役军人 特朗普支持者 美国汽车爆炸案嫌疑人更多信息公布
https://www.chinanews.com.cn/ga/shipin/cns-d/2025/01-03/news1009669.shtml,香港启德体育园有望在2025年第一季度启用
https://www.chinanews.com.cn/cul/shipin/cns-d/2025/01-03/news1009668.shtml,西藏拉萨：八廓街里的传统服饰秀
https://www.chinanews.com.cn/gn/shipin/cns-d/2025/01-03/news1009667.shtml,外交部：中方依法依规实施公正合理和非歧视的出口管制措施
https://www.chinanews.com.cn/shipin/cns/2025/01-03/news1009666.shtml,北京民众排队兑换“蛇币” “蛇钞”：想凑齐“十二生肖”
https://www.chinanews.com.cn/cj/shipin/cns/2025/01-03/news1009664.shtml,民航局谈国际民航连续发生空难：强化鸟击风险防范 全面排查跑道安全隐患
https://www.chinanews.com.cn/tp/2025/01-03/10347239.shtml,“水下博物馆”再现三峡移民记忆中的故乡
https://www.chinanews.com.cn/tp/2025/01-03/10347231.shtml,浙江绍兴：渔民拉开新年第一网  水乡冬捕迎丰收
https://www.chinanews.com.cn/gn/2025/01-03/10347261.shtml,习近平致电祝贺卡韦拉什维利就任格鲁吉亚总统
https://www.chinanews.com.cn/dwq/2025/01-03/10347258.shtml,2024年香港楼宇买卖合约登记量逾6.79万宗 创近三年新高
https://www.chinanews.com.cn/cj/2025/01-03/10347259.shtml,江苏加密水陆空国际物流通道建设
https://www.chinanews.com.cn/cj/2025/01-03/10347254.shtml,灵绍直流年度外送电量居全国16条±800kV特高压直流输电工程第一位
https://www.chinanews.com.cn/gj/2025/01-03/10347256.shtml,菲律宾总统马科斯重组国安委 副总统莎拉不再担任成员
https://www.chinanews.com.cn/gn/2025/01-03/10347257.shtml,全国公安刑侦部门推进“冬季行动” 严打各类突出违法犯罪
https://www.chinanews.com.cn/gn/2025/01-03/10347260.shtml,应对老年期痴呆 国家卫健委等15部门联合发布行动计划→
https://www.chinanews.com.cn/gj/2025/01-03/10347245.shtml,德国柏林一警局外发生爆炸 2名警员受伤
https://www.chinanews.com.cn/gj/2025/01-03/10347255.shtml,遇刺一年之际李在明再遭死亡威胁 韩最大在野党要求重新调查
https://www.chinanews.com.cn/ty/2025/01-03/10347242.shtml,孙铭徽当选CBA月度最佳防守球员 场均2.6次抢断
https://www.chinanews.com.cn/cul/2025/01-03/10347251.shtml,“一行诗能使我们沉醉——十大诗刊主编联合直播”活动举行
https://www.chinanews.com.cn/cj/2025/01-03/10347252.shtml,全新升级桥梁造塔机在荆州李埠长江公铁大桥投用
https://www.chinanews.com.cn/cul/2025/01-03/10347253.shtml,黄天骥谈古典诗词理解：“知人论世”很重要
https://www.chinanews.com.cn/life/2025/01-03/10347247.shtml,吃饭时喝水会导致消化不良？丨中新真探
https://www.chinanews.com.cn/gj/2025/01-03/10347249.shtml,韩国公调处：将要求代总统命令总统警卫处配合执行逮捕令
https://www.chinanews.com.cn/jk/2025/01-03/10347173.shtml,如何更好地管理体重？营养专家：严把能量摄入关
https://www.chinanews.com.cn/hr/shipin/cns/2025/01-03/news1009665.shtml,【最华人｜新华人面孔】尤长靖：音乐是船，连接承载中马两国文化
https://www.chinanews.com.cn/dwq/2025/01-03/10347246.shtml,广东茂名千年古港博贺新港区东区开港投用
https://www.chinanews.com.cn/cj/2025/01-03/10347244.shtml,雄安自贸试验区累计注册超1500家企业
https://www.chinanews.com.cn/cj/2025/01-03/10347243.shtml,内蒙古首个储能类国家级重点科技项目启动
https://www.chinanews.com.cn/sh/2025/01-03/10347232.shtml,（我家这一年）高铁从我家门口“飞”过
https://www.chinanews.com.cn/jk/2025/01-03/10347165.shtml,BMI正常就符合健康体重要求？更重视体成分的优化
https://www.chinanews.com.cn/cj/2025/01-03/10347241.shtml,高质量发展亲历者说｜源创基因董事长赵辉：细胞治疗产业要聚焦0到1的突破
https://www.chinanews.com.cn/jk/2025/01-03/10347151.shtml,国家卫健委介绍“体重管理年”活动启动以来四大进展
https://www.chinanews.com.cn/cj/2025/01-03/10347193.shtml,高质量发展亲历者说｜元气森林联合创始人王璞：年轻人是创新的源动力
https://www.chinanews.com.cn/cj/2025/01-03/10347236.shtml,首个中山造海洋牧场网箱安全通过深中通道
https://www.chinanews.com.cn/jk/2025/01-03/10347233.shtml,上海多方携手探索智慧医疗全新落地形式
https://www.chinanews.com.cn/dwq/2025/01-03/10347235.shtml,香港萌娃跨年之旅：龙年岁尾游龙乡
https://www.chinanews.com.cn/cj/2025/01-03/10347237.shtml,高质量发展亲历者说｜江苏古田创始人赵相雨：机床行业的发展没有捷径
https://www.chinanews.com.cn/gn/2025/01-03/10347240.shtml,优良天数312天 2024年呼和浩特市空气质量持续改善
https://www.chinanews.com.cn/gj/2025/01-03/10347087.shtml,消息人士：拜登已决定正式阻止新日铁收购美国钢铁公司一案
https://www.chinanews.com.cn/tp/2025/01-03/10347230.shtml,江西高校举办丰收节 学生下田摘蔬菜领悟劳动艰辛与喜悦
https://www.chinanews.com.cn/gn/2025/01-03/10347229.shtml,广东新增省级重要湿地16处 过半为红树林
https://www.chinanews.com.cn/sh/2025/01-03/10347223.shtml,（乡村行·看振兴）江西安义：草莓“丰”景好 农民日子甜
https://www.chinanews.com.cn/cul/2025/01-03/10347225.shtml,“丝路千古情”落地上合示范区 打造上合组织文旅交往新名片
https://www.chinanews.com.cn/jk/2025/01-03/10347212.shtml,国家卫健委：马龙、黄张嘉洋担任“体重管理年”活动宣传大使
https://www.chinanews.com.cn/dwq/2025/01-03/10347226.shtml,领略湖湘文化感受时代变迁 “百万青年看祖国潇湘行”活动启动
https://www.chinanews.com.cn/cul/2025/01-03/10347215.shtml,福建漳州科技馆开馆
https://www.chinanews.com.cn/gn/2025/01-03/10347221.shtml,山西三年推出120个“山西精品”产品和服务
https://www.chinanews.com.cn/gn/2025/01-03/10347220.shtml,广东高院发布破产重整服务高质量发展典型案例
https://www.chinanews.com.cn/cul/2025/01-03/10347219.shtml,三晋爱乐管弦乐团成立音乐会山西首演
https://www.chinanews.com.cn/gj/2025/01-03/10347217.shtml,多米尼加总统：2025年首艘邮轮抵达 旅游发展梦想成真
https://www.chinanews.com.cn/gn/2025/01-03/10347208.shtml,宁夏地震局：震中区目前处于应力正常释放调整阶段
https://www.chinanews.com.cn/gj/2025/01-03/10347185.shtml,荷兰2024年查获超10万公斤非法烟花
https://www.chinanews.com.cn/cul/2025/01-03/10347206.shtml,伪满皇宫博物院智能方舱守护文物健康
https://www.chinanews.com.cn/cj/2025/01-03/10347224.shtml,《个人所得税综合所得汇算清缴管理办法》公开征求意见
https://www.chinanews.com.cn/cul/2025/01-03/10347228.shtml,《小小的我》满意度领衔 高质量影片激活元旦档观影氛围
https://www.chinanews.com.cn/cj/2025/01-03/10347214.shtml,2024年山西新能源外送交易电量164.4亿千瓦时
https://www.chinanews.com.cn/cj/2025/01-03/10347176.shtml,氢燃料电池系统研发制造基地在天津竣工投产
https://www.chinanews.com.cn/cj/2025/01-03/10347171.shtml,推动山西特色产品“走出去” 山西2025“全晋乐购”网上年货节将启
https://www.chinanews.com.cn/sh/2025/01-03/10347222.shtml,河北青年的独腿登峰路：征服自己心中的那座山
https://www.chinanews.com.cn/gn/2025/01-03/10347213.shtml,重庆市中心城区首个交通运输纠纷专业性调解组织成立
https://www.chinanews.com.cn/ty/2025/01-03/10347216.shtml,她是真正传奇！103岁世界最长寿奥运冠军去世
https://www.chinanews.com.cn/gj/2025/01-03/10347199.shtml,乌媒：首都基辅及基辅州凌晨遭袭 1人死亡4人受伤
https://www.chinanews.com.cn/gn/2025/01-03/10347218.shtml,国务院办公厅关于严格规范涉企行政检查的意见
https://www.chinanews.com.cn/tp/2025/01-03/10347209.shtml,西藏拉萨：八廓街里的传统服饰秀
https://www.chinanews.com.cn/cj/shipin/cns-d/2025/01-03/news1009663.shtml,蛇年生肖币、纪念钞首发 民众踊跃兑换
https://www.chinanews.com.cn/sh/2025/01-03/10347175.shtml,深圳罗湖海关查获旅客违规携带外来物种黄额丝雀60只
https://www.chinanews.com.cn/cul/2025/01-03/10347205.shtml,“鲁迅文学奖”作家新作官宣  《一日顶流》影视全版权开发
https://www.chinanews.com.cn/cj/2025/01-03/10347196.shtml,商务部研究院洪勇：新质供给引领“中国制造”升级“中国智造”
https://www.chinanews.com.cn/sh/2025/01-03/10347203.shtml,越是谈“新”的时刻越要重申一些“老”观念
https://www.chinanews.com.cn/cj/2025/01-03/10347194.shtml,《中国糖尿病防治指南（2024版）》发布 糖尿病防治又有新依据
https://www.chinanews.com.cn/cj/2025/01-03/10347148.shtml,市场监管总局提醒消费者购买适度包装保健食品
https://www.chinanews.com.cn/cj/shipin/cns/2025/01-03/news1009662.shtml,成渝地区双城经济圈建设战略实施五周年：“双核联动”释放强大“磁场”
https://www.chinanews.com.cn/gn/2025/01-03/10347153.shtml,有企业反映存在地方保护妨碍公平竞争 国办派员核查督促解决
https://www.chinanews.com.cn/ll/2025/01-03/10347198.shtml,【光明网评】在进一步全面深化改革中阔步前行
https://www.chinanews.com.cn/cj/shipin/cns/2025/01-03/news1009661.shtml,外企高管：全球人民币需求增加是不可忽视的重要趋势
https://www.chinanews.com.cn/gj/2025/01-03/10347195.shtml,韩国京畿道商业楼灭火工作初步完成 数十人已获救或自救
https://www.chinanews.com.cn/sh/2025/01-03/10347189.shtml,宁夏银川22处应急避难场所可容纳超85万人避险
https://www.chinanews.com.cn/dxw/2025/01-03/10347183.shtml,东西问·传世名画丨周晓健：《墨荷图》里藏着八大山人怎样的笔情纵恣？
https://www.chinanews.com.cn/tp/2025/01-03/10347184.shtml,香港启德体育园主场馆5日举办首场测试赛
https://www.chinanews.com.cn/sh/2025/01-03/10347182.shtml,吉林省冰雪旅游人气旺 近期多地迎来客流高峰
https://www.chinanews.com.cn/cul/2025/01-03/10347178.shtml,纪录片《那个瞬间的年代》：20余载接续纪录，再现“两弹一星”光辉历程
https://www.chinanews.com.cn/tp/2025/01-03/10347186.shtml,湖北武警新年开训 掀练兵热潮
https://www.chinanews.com.cn/cj/2025/01-03/10347187.shtml,北京怀柔科学城22个重点项目集中开工 总投资78.6亿元
https://www.chinanews.com.cn/cj/2025/01-03/10347192.shtml,“新”中有“机”！创新服务承接新流量 撬动消费升级
https://www.chinanews.com.cn/cj/2025/01-03/10347180.shtml,万开达高速公路安家坡大桥贯通
https://www.chinanews.com.cn/cj/2025/01-03/10347179.shtml,中国石油大庆油田天然气年产量突破60亿立方米
https://www.chinanews.com.cn/cj/2025/01-03/10347177.shtml,山东对医药类科技成果集中路演 促成果转化和产业化
https://www.chinanews.com.cn/cul/2025/01-03/10347190.shtml,我与国家一起前行丨文化特派员：我在这里“种”文化
https://www.chinanews.com.cn/cul/shipin/cns/2025/01-03/news1009660.shtml,【东西问】周晓健：《墨荷图》里藏着八大山人怎样的笔情纵恣？
https://www.chinanews.com.cn/cj/2025/01-03/10347181.shtml,以“粉雪”之名起势——从三个维度看长白山脉凭何以滑雪胜地“出圈”
https://www.chinanews.com.cn/cj/2025/01-03/10347174.shtml,扮“靓”焕新激活消费新“热”力 假日经济抢抓“新”机
https://www.chinanews.com.cn/cj/2025/01-03/10347130.shtml,新版《民间非营利组织会计制度》发布 财政部详解
https://www.chinanews.com.cn/cul/2025/01-03/10347172.shtml,从“天宫”到“龙宫”，全靠一面屏 虚拟拍摄拓宽影视制作边界 
https://www.chinanews.com.cn/gn/2025/01-03/10347156.shtml,多省“新年第一会”，聚焦这些关键词
https://www.chinanews.com.cn/cul/2025/01-03/10347169.shtml,网络电影青创计划终评路演在京举行 
https://www.chinanews.com.cn/cj/2025/01-03/10347170.shtml,2024年经济社会发展主要目标任务顺利完成 体现在这几方面→
https://www.chinanews.com.cn/dxw/2025/01-03/10347147.shtml,东西问｜陈再藩：马来西亚二十四节令鼓蕴含怎样的文化基因？
https://www.chinanews.com.cn/cj/2025/01-03/10347168.shtml,全国农产品稳产保供有力 市场购销两旺
https://www.chinanews.com.cn/gn/2025/01-03/10347167.shtml,用奋斗创造别样精彩——习近平主席二〇二五年新年贺词启示之三
https://www.chinanews.com.cn/gj/2025/01-03/10347160.shtml,韩媒：韩美外长将于1月6日在首尔举行会谈
https://www.chinanews.com.cn/cj/2025/01-03/10347166.shtml,手机平板有补贴、养老医保提标准！这场发布会透露新年“好消息”
https://www.chinanews.com.cn/gn/2025/01-03/10347121.shtml,中国最高检对云南省原副省长李石松决定逮捕
https://www.chinanews.com.cn/gj/2025/01-03/10347158.shtml,突发：韩国城南市一建筑发生火灾致多人被困
https://www.chinanews.com.cn/sh/shipin/cns-d/2025/01-03/news1009659.shtml,专家：冬季特应性皮炎高发 长期规范管理避免“卷土重来”
https://www.chinanews.com.cn/cul/shipin/cns-d/2025/01-03/news1009657.shtml,伪满皇宫博物院智能方舱守护文物健康
https://www.chinanews.com.cn/dwq/2025/01-03/10347162.shtml,便利阅读网络让东莞处处有书香
https://www.chinanews.com.cn/sh/shipin/cns/2025/01-03/news1009658.shtml,【我的2024】我在大陆当“网红”
https://www.chinanews.com.cn/life/2025/01-03/10347154.shtml,多吃胡萝卜能治疗近视？丨中新真探
https://www.chinanews.com.cn/cj/shipin/cns-d/2025/01-03/news1009656.shtml,国家金融监督管理总局：保险公司不得以欺诈为由拖延理赔
https://www.chinanews.com.cn/gj/2025/01-03/10347157.shtml,韩国京畿道一商业楼起火 楼内有人员被困
https://www.chinanews.com.cn/dwq/2025/01-03/10347155.shtml,“科创飞地”点亮莞揭智慧帮扶新篇
https://www.chinanews.com.cn/dwq/2025/01-03/10347152.shtml,借“道”出圈 翠亨新区引爆“湾区热度”
https://www.chinanews.com.cn/cj/2025/01-03/10347150.shtml,“0元购”后猫财两空！起底“免费领养”背后的“猫贷”套路
https://www.chinanews.com.cn/gj/2025/01-03/10347119.shtml,2024年阿根廷税收名义增长205.6%
https://www.chinanews.com.cn/dwq/2025/01-03/10347149.shtml,中山筑牢高质量发展安全底线
https://www.chinanews.com.cn/gj/2025/01-03/10347092.shtml,2024年尼泊尔接待国际游客突破114.7万人次
https://www.chinanews.com.cn/dwq/2025/01-03/10347146.shtml,中山镇街火出大湾区
https://www.chinanews.com.cn/gn/2025/01-03/10347140.shtml,河南省许昌市人大常委会原副主任张书杰被开除党籍
https://www.chinanews.com.cn/gj/2025/01-03/10347058.shtml,欧盟成2024年乌克兰最大财政援助方
https://www.chinanews.com.cn/cj/2025/01-03/10347124.shtml,（聚焦中国高质量发展）国家发改委：中国对外开放的决心和行动不会变
https://www.chinanews.com.cn/dwq/2025/01-03/10347144.shtml,广州航运联合交易中心成立
https://www.chinanews.com.cn/gn/2025/01-03/10347145.shtml,非凡的领航——习近平总书记2024年治国理政纪实
https://www.chinanews.com.cn/dwq/2025/01-03/10347143.shtml,全国首批金融科技工程专业职称在深圳诞生
https://www.chinanews.com.cn/tp/hd2011/2025/01-03/1136336.shtml,韩国公调处暂停执行对尹锡悦逮捕令
https://www.chinanews.com.cn/cj/2025/01-03/10347123.shtml,（聚焦中国高质量发展）中国将实施提振消费专项行动 促居民增收减负
https://www.chinanews.com.cn/cj/2025/01-03/10347126.shtml,中国财政部印发《民间非营利组织会计制度》
https://www.chinanews.com.cn/dwq/2025/01-03/10347139.shtml,哈工大（深圳）医工学院成立
https://www.chinanews.com.cn/gn/2025/01-03/10347141.shtml,热解读｜从习主席新年贺词中读懂中国
https://www.chinanews.com.cn/cj/2025/01-03/10347138.shtml,特斯拉汽车交付量十多年来首次同比下滑
https://www.chinanews.com.cn/gn/2025/01-03/10347137.shtml,评论：两岸关系发展何以同心同向？
https://www.chinanews.com.cn/cj/2025/01-03/10347122.shtml,2024年12月中国物流业景气指数升至年度新高
https://www.chinanews.com.cn/cj/2025/01-03/10347118.shtml,吉林省用“硬措施”推动营商环境改革落实落细
https://www.chinanews.com.cn/gn/shipin/2025/01-03/news1009655.shtml,非凡的领航——习近平总书记2024年治国理政纪实（第二集）
https://www.chinanews.com.cn/gn/2025/01-03/10347135.shtml,微视频｜2025，奔赴新的远征
https://www.chinanews.com.cn/tp/2025/01-03/10347120.shtml,山西晋中：电力“蜘蛛人”空中架线忙
https://www.chinanews.com.cn/dwq/2025/01-03/10347134.shtml,佛山机场去年旅客吞吐量达133.49万人次
https://www.chinanews.com.cn/gn/shipin/2025/01-03/news1009654.shtml,非凡的领航——习近平总书记2024年治国理政纪实（第一集）
https://www.chinanews.com.cn/dwq/2025/01-03/10347132.shtml,423万人次！珠江游客流创历史新高
https://www.chinanews.com.cn/gn/2025/01-03/10347129.shtml,中国海军“和平方舟”号医院船技术停靠新加坡
https://www.chinanews.com.cn/dwq/2025/01-03/10347128.shtml,澳门青年横琴就业每月可领4000元补贴
https://www.chinanews.com.cn/sh/2025/01-03/10347131.shtml,小学突发火情！原因初判→
https://www.chinanews.com.cn/dwq/2025/01-03/10347127.shtml,广佛环线城际铁路天河段工程规划全数获批
https://www.chinanews.com.cn/cj/2025/01-03/10347116.shtml,东北亚氢基能源加注基地项目在大连长兴岛正式启动
https://www.chinanews.com.cn/gn/2025/01-03/10347125.shtml,人类命运共同体研究中心揭牌 外交部介绍中心未来作用
https://www.chinanews.com.cn/cj/2025/01-03/10347117.shtml,2025全国网上年货节将于1月7日启动
https://www.chinanews.com.cn/gn/2025/01-03/10347115.shtml,中方谈RCEP生效实施三周年：为亚太区域经济一体化注入强劲动力
https://www.chinanews.com.cn/gn/shipin/2025/01-03/news1009653.shtml,微视频｜2025，奔赴新的远征
https://www.chinanews.com.cn/gn/2025/01-03/10347112.shtml,四川2024年办好“退役军人最期盼的10件事”活动成果发布
https://www.chinanews.com.cn/gn/2025/01-03/10347113.shtml,外交部：中方依法依规实施公正合理和非歧视的出口管制措施
https://www.chinanews.com.cn/edu/2025/01-03/10347099.shtml,北京出台20条措施推进中小学科学教育
https://www.chinanews.com.cn/cj/2025/01-03/10347101.shtml,22.5吨“藏货”空运至北京、成都、兰州等地
https://www.chinanews.com.cn/sh/2025/01-03/10347095.shtml,上海：一男子自编自演地铁“有偿占座”闹剧 已被警方行政拘留
https://www.chinanews.com.cn/gn/2025/01-03/10347093.shtml,2025年湖北19所高校招收台湾学生
https://www.chinanews.com.cn/gn/2025/01-03/10347111.shtml,拜登政府称考虑对中国无人机进入美国实施限制 外交部回应
https://www.chinanews.com.cn/sh/2025/01-03/10347029.shtml,如何办理北京城乡居民医保参保手续？
https://www.chinanews.com.cn/ydyl/2025/01-03/10347091.shtml,2024年超2400万人次中外旅客从云南出入境
https://www.chinanews.com.cn/tp/2025/01-03/10347105.shtml,第六届江西农博会在南昌开幕
https://www.chinanews.com.cn/cj/2025/01-03/10347109.shtml,春节将至，如何避免保健食品“豪华包装”陷阱？
https://www.chinanews.com.cn/gn/2025/01-03/10347089.shtml,保险诈骗犯罪手段加速变异 中国公安部揭露四大特点
https://www.chinanews.com.cn/gn/2025/01-03/10347062.shtml,2023年京津冀区域协同发展指数148.8 比2022年提高5.6
https://www.chinanews.com.cn/gn/2025/01-03/10347110.shtml,王毅将访问纳米比亚、刚果(布)、乍得、尼日利亚
https://www.chinanews.com.cn/tp/hd2011/2025/01-03/1136321.shtml,石家庄火车头穿毛衣 造型萌趣可爱
https://www.chinanews.com.cn/gn/2025/01-03/10347107.shtml,美方欲限制中国无人机进入美国 中方回应
https://www.chinanews.com.cn/tp/hd2011/2025/01-03/1136331.shtml,成都：大熊猫充气装置亮相新川之心公园
https://www.chinanews.com.cn/gn/shipin/2025/01-03/news1009652.shtml,春运火车票预售期内各方向目前均有余票
https://www.chinanews.com.cn/cj/2025/01-03/10346956.shtml,广东：警惕以境内企业赴香港“上市”名义实施非法金融活动
https://www.chinanews.com.cn/gj/2025/01-03/10347102.shtml,俄国防部：击落乌军苏-27战机
https://www.chinanews.com.cn/tp/hd2011/2025/01-03/1136324.shtml,探访伪满皇宫博物院组合式智能文物方舱
https://www.chinanews.com.cn/ty/2025/01-03/10347100.shtml,WTT新加坡大满贯 王楚钦/林诗栋成为赛会男双二号种子 
https://www.chinanews.com.cn/ty/2025/01-03/10347098.shtml,单败淘汰！首届CBA俱乐部杯决赛落户西安 
https://www.chinanews.com.cn/shipin/2025/01-03/news1009651.shtml,道中华丨尼格买提：如果我写家乡……
https://www.chinanews.com.cn/sh/shipin/2025/01-03/news1009650.shtml,云南省委原常委、省政府原副省长李石松被决定逮捕
https://www.chinanews.com.cn/sh/2025/01-03/10347003.shtml,寒假将至 网警提醒警惕未成年人网络游戏陷阱
https://www.chinanews.com.cn/sh/shipin/cns-d/2025/01-03/news1009646.shtml,国家发展改革委：2024年中国式现代化迈出新的坚实步伐
https://www.chinanews.com.cn/cj/shipin/cns-d/2025/01-03/news1009648.shtml,中国民航局：今年民航春运旅客运输量预计将突破9000万人次
https://www.chinanews.com.cn/sh/shipin/cns/2025/01-03/news1009649.shtml,培才思报国 培侨信义赓续家国情怀
https://www.chinanews.com.cn/cj/shipin/cns-d/2025/01-03/news1009644.shtml,2024年中国民航预计全年旅客运输量7.3亿人次，创历史新高
https://www.chinanews.com.cn/sh/2025/01-03/10347085.shtml,27元外卖打包费7元，餐饮外卖打包被指乱收费，商家利润与消费者权益如何平衡？
https://www.chinanews.com.cn/gn/shipin/cns-d/2025/01-03/news1009647.shtml,公众如何防范保险诈骗？公安部提示
https://www.chinanews.com.cn/gn/shipin/cns-d/2025/01-03/news1009645.shtml,公安部：7个月打掉职业保险诈骗团伙300余个，案额逾15亿
https://www.chinanews.com.cn/sh/shipin/cns-d/2025/01-03/news1009641.shtml,中国民航局回应近期外航安全事故：强化鸟击风险防范 排查跑道安全隐患
https://www.chinanews.com.cn/gj/2025/01-03/10347061.shtml,以色列派代表团参加停火谈判 加沙多地遭空袭致71人死亡
https://www.chinanews.com.cn/gj/shipin/2025/01-03/news1009643.shtml,欧盟气候监测机构：2024年成为有记录以来最热一年
https://www.chinanews.com.cn/cj/2025/01-03/10347078.shtml,中国最大氢基能源加注基地项目在辽宁大连启动
https://www.chinanews.com.cn/gn/2025/01-03/10347080.shtml,王毅将访问纳米比亚、刚果（布）、乍得、尼日利亚
https://www.chinanews.com.cn/gj/2025/01-03/10347059.shtml,韩国公调处暂停执行对尹锡悦的逮捕令
https://www.chinanews.com.cn/cj/2025/01-03/10347052.shtml,1月3日全国农产品批发市场猪肉平均价格比昨天下降0.6%
https://www.chinanews.com.cn/sh/2025/01-03/10347079.shtml,朋友，你好吗丨海上漂流36小时求生女孩：我仍欣赏海的波澜万丈
https://www.chinanews.com.cn/cj/shipin/cns-d/2025/01-03/news1009638.shtml,横琴口岸2024年客流车流均创历史新高
https://www.chinanews.com.cn/gn/2025/01-03/10347076.shtml,云南省委原常委、省政府原副省长李石松被决定逮捕
https://www.chinanews.com.cn/cj/shipin/cns-d/2025/01-03/news1009637.shtml,中国民航局：突出防范航空器关键系统的故障
https://www.chinanews.com.cn/ty/shipin/cns-d/2025/01-03/news1009636.shtml,河北隆化：“二贵摔跤”国家级赛场展风采
https://www.chinanews.com.cn/gn/2025/01-03/10347071.shtml,春运火车票预售期内各方向目前均有余票
https://www.chinanews.com.cn/sh/2025/01-03/10347073.shtml,冲上热搜！张雪峰谈“上四休三”：已实行两年
https://www.chinanews.com.cn/cj/shipin/cns-d/2025/01-03/news1009640.shtml,国家发展改革委：将统筹谋划“十五五”碳达峰行动 加快建立一批零碳园区
https://www.chinanews.com.cn/cj/2025/01-03/10347063.shtml,（聚焦中国高质量发展）国家发改委：2025年中国经济增长目标要考虑三个因素
https://www.chinanews.com.cn/gn/2025/01-03/10347070.shtml,2025年开门红！“海洋侦探”号正式交付
https://www.chinanews.com.cn/cj/2025/01-03/10347051.shtml,外企在中国丨国际市场人民币需求增长 外企抢抓跨境支付新机遇
https://www.chinanews.com.cn/cj/shipin/cns-d/2025/01-03/news1009639.shtml,国家发展改革委：“两新”政策加力扩围 将实施手机等数码产品购新补贴
https://www.chinanews.com.cn/tp/hd2011/2025/01-03/1136308.shtml,加纳阿克拉一市场发生火灾 大量摊位被烧毁服装化为灰烬
https://www.chinanews.com.cn/sh/shipin/cns-d/2025/01-03/news1009635.shtml,鄱阳湖畔：村民撒网“打年鱼”传承民俗
https://www.chinanews.com.cn/cj/shipin/cns/2025/01-03/news1009634.shtml,外企在中国｜Thunes黄美伦：新兴市场对人民币支付的热情越来越高
https://www.chinanews.com.cn/gn/2025/01-03/10347067.shtml,【见证•2024】统一战线年度热词（四）：巩固拓展“凝心铸魂强根基、团结奋进新征程”主题教育成果
https://www.chinanews.com.cn/gn/2025/01-03/10347064.shtml,【见证•2024】统一战线年度热词（三）：领域组团式帮扶
https://www.chinanews.com.cn/gj/2025/01-03/10347060.shtml,快讯：尹锡悦弹劾案将于14日进行首次正式辩论
https://www.chinanews.com.cn/sh/2025/01-03/10347055.shtml,国产原研药、手术机器人为中国前列腺癌患者带来希望
https://www.chinanews.com.cn/gn/2025/01-03/10347056.shtml,打造同心文化  汇聚争先力量——福建统战文化周举行
https://www.chinanews.com.cn/gsztc/2025/01-03/10347057.shtml,好消息！手机、平板、智能手表换新，今年有补贴！
https://www.chinanews.com.cn/gn/2025/01-03/10347054.shtml,台胞“登陆”26年写真：生活超过规划 处处充满惊喜
https://www.chinanews.com.cn/tp/hd2011/2025/01-03/1136315.shtml,武警青海总队新年热血开训
https://www.chinanews.com.cn/gj/2025/01-03/10347050.shtml,尹锡悦弹劾审判首次公开辩论将于1月14日举行
https://www.chinanews.com.cn/gj/2025/01-03/10347046.shtml,韩媒：韩国客机坠毁事故42名遇难者遗体已移交家属
https://www.chinanews.com.cn/gj/2025/01-03/10347037.shtml,美国纽约皇后区发生大规模枪案 10名青少年受伤
https://www.chinanews.com.cn/cj/shipin/cns/2025/01-03/news1009630.shtml,国家发改委：综合整治“内卷式”竞争
https://www.chinanews.com.cn/cj/shipin/cns/2025/01-03/news1009628.shtml,国家发改委：今年将增加发行超长期特别国债
https://www.chinanews.com.cn/shipin/2025/01-03/news1009633.shtml,解码中华文化基因：这个吟唱了千年的“宝藏音乐”靠什么代代相传？
https://www.chinanews.com.cn/gj/2025/01-03/10347045.shtml,韩媒：韩国总统警卫处长、警卫次长被立案调查
https://www.chinanews.com.cn/cj/shipin/cns/2025/01-03/news1009632.shtml,国家发改委：前11个月汽车出口居世界首位
https://www.chinanews.com.cn/sh/shipin/cns-d/2025/01-03/news1009626.shtml,专家呼吁肝癌早筛、早诊、早治
https://www.chinanews.com.cn/sh/shipin/cns/2025/01-03/news1009627.shtml,国家发改委：对高质量完成“十四五”规划目标任务充满信心
https://www.chinanews.com.cn/sh/shipin/cns/2025/01-03/news1009625.shtml,国家发改委：让更多群众在家门口享受更加优质医疗服务
https://www.chinanews.com.cn/cj/shipin/cns/2025/01-03/news1009624.shtml,国家发展改革委：适当提高退休人员基本养老金和城乡居民基础养老金
https://www.chinanews.com.cn/jk/2025/01-03/10347039.shtml,身高不够，打针来救？“增高针”能随便打吗？
https://www.chinanews.com.cn/cj/shipin/cns/2025/01-03/news1009623.shtml,国家发改委：推动房地产市场止跌回稳 继续提振资本市场
https://www.chinanews.com.cn/gsztc/2025/01-03/10347035.shtml,喊出万亿GDP目标，这座小城哪来的底气？｜这座城市有点东西
https://www.chinanews.com.cn/gj/2025/01-03/10347034.shtml,韩国公调处：200余人阻止执行尹锡悦逮捕令 不断发生肢体冲突
https://www.chinanews.com.cn/cj/shipin/cns/2025/01-03/news1009622.shtml,国家发改委：2024年中央预算内投资支持项目完成投资超1.3万亿
https://www.chinanews.com.cn/gj/2025/01-03/10347020.shtml,加拿大一众议员宣布不再寻求连任 曾是特鲁多内阁要员
https://www.chinanews.com.cn/cj/2025/01-03/10347032.shtml,世界华人数学家大会永久落户上海
https://www.chinanews.com.cn/gj/2025/01-03/10347009.shtml,美国联邦调查局：新奥尔良汽车冲撞人群事件是“恐怖袭击”
https://www.chinanews.com.cn/gn/2025/01-03/10347031.shtml,2024年在地公司数量显著增加——“海内外企业对香港发展充满信心”
https://www.chinanews.com.cn/gj/2025/01-03/10347030.shtml,百余人参与 对峙超5小时 对尹锡悦逮捕令暂停执行 5个关键词直击全程→
https://www.chinanews.com.cn/cj/2025/01-03/10347028.shtml,乳酸菌饮料为啥卖不动了？
https://www.chinanews.com.cn/cj/2025/01-03/10347002.shtml,一图读懂中国经济高质量发展成绩单
https://www.chinanews.com.cn/cj/2025/01-03/10347012.shtml,金理财奖揭晓，国寿寿险荣膺双奖
https://www.chinanews.com.cn/sh/shipin/2025/01-03/news1009621.shtml,明星警犬福仔 全国首只柯基警犬如何炼成
https://www.chinanews.com.cn/sh/shipin/2025/01-03/news1009620.shtml,河南淮滨：20只东方白鹳现身淮南湿地
https://www.chinanews.com.cn/tp/2025/01-03/10347016.shtml,CBA常规赛：南京头排苏酒队主场憾负北京控股队
https://www.chinanews.com.cn/cj/2025/01-03/10347025.shtml,再这样下去，新疆就成“鱼米之乡”了！
https://www.chinanews.com.cn/sh/2025/01-03/10347023.shtml,甘肃临潭17年后重启“万人扯绳”引客留乡愁
https://www.chinanews.com.cn/cj/2025/01-03/10347021.shtml,平陆运河马道枢纽船闸1号边墩封顶 船闸骨架初现
https://www.chinanews.com.cn/cj/2025/01-03/10347019.shtml,全球首个光伏、储能户外实证实验平台(大庆基地)三期项目并网
https://www.chinanews.com.cn/cj/2025/01-03/10347014.shtml,宁夏银川市葡萄酒产业综合产值2024年达到360亿元 同比增长20%
https://www.chinanews.com.cn/cj/2025/01-03/10347024.shtml,创新助发展 合作促共赢（央企走出去·乘“新”出海）
https://www.chinanews.com.cn/cj/2025/01-03/10347010.shtml,今年民航春运旅客运输量预计将超9000万人次
https://www.chinanews.com.cn/cj/2025/01-03/10347008.shtml,（聚焦中国高质量发展）中国加力扩围实施“两新”  手机等数码产品将有购新补贴
https://www.chinanews.com.cn/cj/2025/01-03/10347007.shtml,天津国际邮轮母港迎来2025年首艘国际邮轮
https://www.chinanews.com.cn/gj/2025/01-03/10347022.shtml,【国际漫评】“抢椅子”游戏
https://www.chinanews.com.cn/sh/2025/01-03/10347006.shtml,中国气象局：到2035年基本实现气象现代化
https://www.chinanews.com.cn/tp/hd2011/2025/01-03/1136290.shtml,中国·杭州CBSA斯诺克巨星邀请赛：奥沙利文完胜希金斯
https://www.chinanews.com.cn/sh/2025/01-03/10347005.shtml,（年终特稿）年度报告“花式”刷屏 年轻人期待与“更多自己”重逢
https://www.chinanews.com.cn/sh/2025/01-03/10347017.shtml,埃及小伙儿带你看中埃文化交流大场面！
https://www.chinanews.com.cn/tp/hd2011/2025/01-03/1136301.shtml,2025年贺岁双色铜合金纪念币和纪念钞开始兑换
https://www.chinanews.com.cn/sh/2025/01-03/10347013.shtml,酒店退房时间引热议，是时候告别“一刀切”了？
https://www.chinanews.com.cn/sh/2025/01-03/10347011.shtml,上海轨交警方：“5元卖地铁座位”系男子自编自演，已行拘
https://www.chinanews.com.cn/gn/2025/01-03/10347004.shtml,中国减贫真正做到了以人民为中心（国际论坛·读懂中国·读懂中国式现代化）
https://www.chinanews.com.cn/gj/2025/01-03/10347001.shtml,对峙5个多小时 韩国公调处停止执行对尹锡悦逮捕令
https://www.chinanews.com.cn/gn/2025/01-03/10346999.shtml,短视频丨习近平总书记的2024·改革潮涌
https://www.chinanews.com.cn/gn/2025/01-03/10346997.shtml,一见｜习近平总书记的2024·文脉赓续
https://www.chinanews.com.cn/gj/2025/01-03/10347000.shtml,快讯：韩国公调处停止对尹锡悦执行逮捕令
https://www.chinanews.com.cn/cj/2025/01-03/10346995.shtml,民航局：今年民航春运旅客运输量预计将突破9000万人次 有望再创历史新高
https://www.chinanews.com.cn/shipin/cns-d/2025/01-03/news1009619.shtml,国家发展改革委：2024年中国全球创新指数排名上升至第11位
https://www.chinanews.com.cn/sh/2025/01-03/10346996.shtml,游走在骨科病房的“律师”们
https://www.chinanews.com.cn/shipin/cns-d/2025/01-03/news1009617.shtml,探访中国科学院上海天文台天马望远镜
https://www.chinanews.com.cn/gn/shipin/2025/01-03/news1009618.shtml,一见｜习近平总书记的2024·文脉赓续
https://www.chinanews.com.cn/gn/2025/01-03/10346991.shtml,看图学习丨新征程上每一个人都是主角 习主席赞美奋斗追梦人
https://www.chinanews.com.cn/gn/shipin/2025/01-03/news1009616.shtml,习近平总书记的2024·改革潮涌
https://www.chinanews.com.cn/cj/2025/01-03/10346976.shtml,开创高质量发展新局面｜国家发改委：2024年中央预算内投资支持项目完成投资超1.3万亿
https://www.chinanews.com.cn/cj/2025/01-03/10346990.shtml,“零首付”购房得不偿失
https://www.chinanews.com.cn/gn/2025/01-03/10346989.shtml,民航局回应近期外航事故：强化鸟击风险防范 排查跑道安全隐患
https://www.chinanews.com.cn/cj/2025/01-03/10346988.shtml,开创高质量发展新局面｜国家发改委：2024年前11个月全国新设立外商投资企业超过5.2万家
https://www.chinanews.com.cn/edu/2025/01-03/10346968.shtml,北京中小学科学教育“二十条”发布
https://www.chinanews.com.cn/gn/shipin/2025/01-03/news1009615.shtml,吴强明任中国石油大学（华东）党委书记
https://www.chinanews.com.cn/fz/shipin/2025/01-03/news1009614.shtml,警惕保险诈骗！公安机关已立案1400余起，涉案金额累计15亿
https://www.chinanews.com.cn/gj/2025/01-03/10346983.shtml,特朗普、哈里斯通话记录被非法转售 一美国士兵被捕
https://www.chinanews.com.cn/hr/2025/01-03/10346965.shtml,中国驻芬兰大使馆更新芬兰常用联系方式
https://www.chinanews.com.cn/shipin/cns-d/2025/01-03/news1009613.shtml,韩国公调处开始执行对尹锡悦逮捕令 目前与“最近处”警卫处人员对峙
https://www.chinanews.com.cn/cj/2025/01-03/10346984.shtml,机器人时代的社会结构模型与十年后中国首富预测——周亚辉投资笔记2025系列第1篇
https://www.chinanews.com.cn/cj/2025/01-03/10346982.shtml,天津海关签发首份中国—马尔代夫自贸协定原产地证书
https://www.chinanews.com.cn/cj/2025/01-03/10346981.shtml,广西友谊关口岸浦寨附属通道单日货车查验量连续突破千辆
https://www.chinanews.com.cn/cul/2025/01-03/10346980.shtml,央华版话剧《日出》跨年上演 为经典再赋新意
https://www.chinanews.com.cn/cj/2025/01-03/10346939.shtml,国家金融监管总局：保险公司不得以涉嫌欺诈为由拖延理赔
https://www.chinanews.com.cn/gj/2025/01-03/10346960.shtml,伊朗多地纪念苏莱曼尼遭美国暗杀五周年 总统发表讲话
https://www.chinanews.com.cn/cj/2025/01-03/10346979.shtml,国家发改委：综合整治内卷式竞争
https://www.chinanews.com.cn/cul/2025/01-03/10346952.shtml,2025年兵团新年诗词音乐会举办
https://www.chinanews.com.cn/gj/2025/01-03/10346974.shtml,卡塔尔航空宣布下周恢复大马士革航线
https://www.chinanews.com.cn/gn/2025/01-03/10346977.shtml,吴强明任中国石油大学（华东）党委书记
https://www.chinanews.com.cn/cj/2025/01-03/10346978.shtml,民航局回应国际民航连续发生空难：要求强化鸟击风险防范
https://www.chinanews.com.cn/gj/2025/01-03/10346971.shtml,韩国公调处开始执行对尹锡悦逮捕令 与警卫发生对峙
https://www.chinanews.com.cn/mil/shipin/cns-d/2025/01-03/news1009612.shtml,武警江西总队新年开训 演训科目结合无人机作战
https://www.chinanews.com.cn/dwq/2025/01-03/10346973.shtml,（粤港澳大湾区）澳门青年逐梦大湾区  深耕科技教育播撒“科创种子”
https://www.chinanews.com.cn/gn/2025/01-03/10346969.shtml,张志军寄语台湾同胞：赓续使命 扬帆远航
https://www.chinanews.com.cn/sh/2025/01-03/10346972.shtml,“开张”迎新年 哪种仪式感最戳中你
https://www.chinanews.com.cn/cj/2025/01-03/10346970.shtml,民航局：2024民航完成旅客运输超7.3亿人次
https://www.chinanews.com.cn/gj/2025/01-03/10346946.shtml,马斯克指控拜登“100%叛国”
https://www.chinanews.com.cn/sh/shipin/cns/2025/01-03/news1009611.shtml,国家发改委：2024年中央预算内投资支持项目完成投资超1.3万亿
https://www.chinanews.com.cn/cj/2025/01-03/10346955.shtml,华为FreeBuds Pro 4蛇年典藏版：独特设计承载着整年的福运
https://www.chinanews.com.cn/gj/2025/01-03/10346966.shtml,尹锡悦律师团进入总统官邸
https://www.chinanews.com.cn/cj/2025/01-03/10346954.shtml,细数华为Mate 70 Pro+航天级测试背后的技术创新
https://www.chinanews.com.cn/gn/shipin/cns/2025/01-03/news1009609.shtml,国家发改委：我国全球创新指数排名升到第11位
https://www.chinanews.com.cn/sh/2025/01-03/10346961.shtml,（乡村行·看振兴）江西南康“鲜花经济”为乡村振兴增“香”添“彩”
https://www.chinanews.com.cn/gn/2025/01-03/10346936.shtml,公安部：保险诈骗犯罪呈现犯罪手段加速变异等四大特点
https://www.chinanews.com.cn/sh/2025/01-03/10346959.shtml,筑屏障强治理 青海西宁多举措坚持生态优先空间发展
https://www.chinanews.com.cn/sh/shipin/2025/01-03/news1009610.shtml,北京发布研学游服务规范 严禁打着名校旗号收客
https://www.chinanews.com.cn/cj/2025/01-03/10346962.shtml,2024年12月我国仓储行业整体保持良好运行态势
https://www.chinanews.com.cn/cj/2025/01-03/10346958.shtml,国家发改委：推动房地产市场止跌回稳 继续提振资本市场
https://www.chinanews.com.cn/cj/2025/01-03/10346957.shtml,国家发改委：千方百计拓宽农民增收渠道
https://www.chinanews.com.cn/gn/2025/01-03/10346953.shtml,民航局回应近期外航安全事故：全面排查治理隐患，确保航空运行安全
https://www.chinanews.com.cn/cj/2025/01-03/10346951.shtml,国家发改委：今年将增加发行超长期特别国债
https://www.chinanews.com.cn/gj/2025/01-03/10346950.shtml,韩国宪法法院：将于3日下午举行尹锡悦弹劾案第二次预备庭审理
https://www.chinanews.com.cn/cj/2025/01-03/10346949.shtml,国家发改委：今年宏观政策还有充足空间 完成“十四五”目标充满信心
https://www.chinanews.com.cn/sh/2025/01-03/10346948.shtml,上海宝山一装修建筑发生局部坍塌事故 1人失联
https://www.chinanews.com.cn/ty/shipin/cns/2025/01-03/news1009608.shtml,WTT世界乒联称赞马龙是当之无愧的GOAT
https://www.chinanews.com.cn/cj/2025/01-03/10346945.shtml,国家发改委：前11个月汽车出口居世界首位
https://www.chinanews.com.cn/gn/2025/01-03/10346944.shtml,网信部门严厉打击整治网络水军问题 
https://www.chinanews.com.cn/gj/shipin/2025/01-03/news1009605.shtml,济州航空航班失事致179人遇难 韩警方对济州航空代表等人发布禁止出境令
https://www.chinanews.com.cn/sh/shipin/cns/2025/01-03/news1009607.shtml,国家发改委：实施手机等数码产品购新补贴
https://www.chinanews.com.cn/ty/shipin/cns/2025/01-03/news1009606.shtml,实至名归！全红婵当选年度最佳
https://www.chinanews.com.cn/cj/2025/01-03/10346937.shtml,2024年12月中国仓储行业整体保持良好运行态势
https://www.chinanews.com.cn/gn/2025/01-03/10346941.shtml,习言道｜习近平新年贺词里的中国与世界
https://www.chinanews.com.cn/ty/2025/01-03/10346938.shtml,全红婵当选世界泳联年度最佳女子跳水运动员
https://www.chinanews.com.cn/ll/2025/01-03/10346927.shtml,人民网评：让人民过上幸福生活是头等大事
https://www.chinanews.com.cn/gn/2025/01-03/10346932.shtml,两部门严厉打击保险诈骗犯罪 涉案金额累计15亿
https://www.chinanews.com.cn/ll/2025/01-03/10346926.shtml,求是网评论员：2025年，我们充满信心
https://www.chinanews.com.cn/gn/2025/01-03/10346935.shtml,为维护世界和平稳定注入更多正能量——习近平主席二〇二五年新年贺词启示录③
https://www.chinanews.com.cn/gj/2025/01-03/10346933.shtml,韩国宪法法院：1月6日将就尹锡悦弹劾案召开法官会议
https://www.chinanews.com.cn/cj/2025/01-03/10346934.shtml,国家发改委：实施手机等数码产品购新补贴
https://www.chinanews.com.cn/gn/2025/01-03/10346894.shtml,最高检发布依法从严惩治中介组织财务造假相关犯罪典型案例
https://www.chinanews.com.cn/gn/2025/01-03/10346931.shtml,警惕这些骗保、骗佣金手段！公安部公布保险诈骗犯罪十起典型案例
https://www.chinanews.com.cn/gj/2025/01-03/10346930.shtml,韩国宪法法院将于本月6日就尹锡悦弹劾案召开法官会议
https://www.chinanews.com.cn/jk/2025/01-03/10346929.shtml,吃酱油会让脸上长斑……是真是假？｜谣言终结站
https://www.chinanews.com.cn/ll/2025/01-03/10346928.shtml,凝心聚力全方位扩大国内需求（新论） 
https://www.chinanews.com.cn/hr/2025/01-03/10346896.shtml,中国驻加拿大使领馆发布平安留学提醒
https://www.chinanews.com.cn/gj/2025/01-03/10346925.shtml,是否会再竞选总统？泽连斯基回应
https://www.chinanews.com.cn/gj/2025/01-03/10346922.shtml,智利发生6.1级地震 无引发海啸风险
https://www.chinanews.com.cn/gj/2025/01-03/10346903.shtml,特朗普酒店外汽车爆炸案嫌疑人身份披露：现役军人，或为自杀
https://www.chinanews.com.cn/gn/2025/01-03/10346924.shtml,推动区域开放合作 共享中国发展红利
https://www.chinanews.com.cn/gj/2025/01-03/10346913.shtml,外媒：英国发现该国迄今最大规模恐龙足迹
https://www.chinanews.com.cn/sh/2025/01-03/10346915.shtml,在微信群发布地震假消息 石嘴山市蓝天救援队一志愿者被开除
https://www.chinanews.com.cn/tp/hd2011/2025/01-03/1136285.shtml,江苏东台：清晨乡村薄雾弥漫 渲染古典水墨画意
https://www.chinanews.com.cn/cj/2025/01-03/10346902.shtml,天津绿电年度成交规模增168% 市场加速迈入“多年期”
https://www.chinanews.com.cn/ty/2025/01-03/10346901.shtml,WCBA：四川女篮力压山东女篮迎十八连胜
https://www.chinanews.com.cn/tp/2025/01-03/10346911.shtml,江西南昌：波兰爱乐乐团奏响新年乐章
https://www.chinanews.com.cn/gj/shipin/2025/01-03/news1009604.shtml,希腊计划推出应用程序 应对儿童过度上网
https://www.chinanews.com.cn/gj/shipin/2025/01-03/news1009603.shtml,韩国高级公职人员犯罪调查处开始尝试抓捕尹锡悦 调查人员与总统警卫部门正在对峙
https://www.chinanews.com.cn/cul/2025/01-03/10346912.shtml,秦并蜀铜冶金考古研究：工艺技术等变化折射秦对蜀地实施多重改造
https://www.chinanews.com.cn/gsztc/2025/01-03/10346917.shtml,国是说法丨同是“偷垮”超市，为何处罚不同？
https://www.chinanews.com.cn/edu/2025/01-03/10346910.shtml,北京：旅行社组织研学旅游严禁打着清华北大旗号收客
https://www.chinanews.com.cn/gsztc/2025/01-03/10346916.shtml,央行出手！支持资本市场工具有最新进展
https://www.chinanews.com.cn/gn/2025/01-03/10346914.shtml,“推动全球实现更加美好的未来”
https://www.chinanews.com.cn/sh/2025/01-03/10346906.shtml,专家：慢性移植物抗宿主病管理要“早”字当先
https://www.chinanews.com.cn/sh/2025/01-03/10346905.shtml,长沙天心区教育局通报“中学食堂泼水事件”：责令道歉
https://www.chinanews.com.cn/tp/hd2011/2025/01-03/1136282.shtml,韩公调处已进入总统官邸 尝试逮捕尹锡悦
https://www.chinanews.com.cn/ty/2025/01-03/10346907.shtml,2023年全国体育产业总规模为36741亿元
https://www.chinanews.com.cn/sh/2025/01-03/10346908.shtml,乙已蛇年有384天，极简版闰年知识帖
https://www.chinanews.com.cn/gj/2025/01-03/10346866.shtml,报告显示法国市场鹅肝和烟熏三文鱼的销售表现强劲
https://www.chinanews.com.cn/sh/2025/01-03/10346904.shtml,保温杯手中“爆炸”，只因泡了它？很多人都这样做过！转给家人→
https://www.chinanews.com.cn/gj/2025/01-03/10346900.shtml,韩总统警卫处长不允许搜查 公调处正请求协助
https://www.chinanews.com.cn/sh/2025/01-03/10346897.shtml,辞旧迎新，大国利器组团亮相
https://www.chinanews.com.cn/cj/2025/01-03/10346899.shtml,2024年A股回购增持总额超2400亿元
https://www.chinanews.com.cn/gj/2025/01-03/10346898.shtml,韩国“共同调查本部”向总统警卫处长提出逮捕令
https://www.chinanews.com.cn/gn/2025/01-03/10346889.shtml,深圳市消防救援支队党委副书记王帅接受审查调查
https://www.chinanews.com.cn/gn/2025/01-03/10346892.shtml,河南省郑州市政协原党组成员、副主席石大东被“双开”
https://www.chinanews.com.cn/gn/2025/01-03/10346895.shtml,开辟中国式现代化更加广阔前景！习主席新年贺词引发热烈反响
https://www.chinanews.com.cn/cj/2025/01-03/10346877.shtml,1月3日人民币对美元中间价报7.1878元 上调1个基点
https://www.chinanews.com.cn/gn/2025/01-03/10346893.shtml,新年贺词里的“你我”
https://www.chinanews.com.cn/cj/2025/01-03/10346890.shtml,1月3日央行开展193亿元7天期逆回购操作
https://www.chinanews.com.cn/gn/2025/01-03/10346891.shtml,聆听习主席新年贺词，感受与时偕行的中国力量
https://www.chinanews.com.cn/gn/2025/01-03/10346880.shtml,中央政法委发布2024年第四季度见义勇为勇士榜
https://www.chinanews.com.cn/gj/shipin/2025/01-03/news1009581.shtml,西非两国总统要求法国撤军
https://www.chinanews.com.cn/gj/shipin/2025/01-03/news1009580.shtml,英国多地遭遇强降雨天气
https://www.chinanews.com.cn/gj/shipin/2025/01-03/news1009601.shtml,关注俄乌冲突 俄称终止经乌输欧天然气责任在美乌欧三方
https://www.chinanews.com.cn/cj/2025/01-03/10346861.shtml,工信部等六部门联合印发《赤泥综合利用行动方案》
